dataset,image_id,boundary_contrast_proxy,category
CVC-300,149,0.012516623362898827,5_benchmark
CVC-300,154,0.015556974336504936,5_benchmark
CVC-300,185,0.008775205817073584,5_benchmark
CVC-300,194,0.006479564122855663,5_benchmark
CVC-300,162,0.0011621583253145218,5_benchmark
CVC-300,203,0.0054171765223145485,5_benchmark
CVC-300,182,0.0028169145807623863,5_benchmark
CVC-300,197,0.002006329596042633,5_benchmark
CVC-300,161,0.0008746739476919174,5_benchmark
CVC-300,206,0.009065976366400719,5_benchmark
CVC-300,195,0.001976153813302517,5_benchmark
CVC-300,199,0.00260737631469965,5_benchmark
CVC-300,180,0.0024294587783515453,5_benchmark
CVC-300,152,0.0100407674908638,5_benchmark
CVC-300,201,0.01098186057060957,5_benchmark
CVC-300,166,0.0037901457399129868,5_benchmark
CVC-300,157,0.008074391633272171,5_benchmark
CVC-300,155,0.002966921776533127,5_benchmark
CVC-300,189,0.001041727140545845,5_benchmark
CVC-300,153,0.01859903708100319,5_benchmark
CVC-300,192,0.0012262766249477863,5_benchmark
CVC-300,168,0.009624297730624676,5_benchmark
CVC-300,183,0.002150900661945343,5_benchmark
CVC-300,207,0.0018884073942899704,5_benchmark
CVC-300,174,0.0028772461228072643,5_benchmark
CVC-300,205,0.00023722276091575623,5_benchmark
CVC-300,164,0.0014077797532081604,5_benchmark
CVC-300,176,0.0033522015437483788,5_benchmark
CVC-300,158,0.008233397267758846,5_benchmark
CVC-300,179,0.0008593760430812836,5_benchmark
CVC-300,175,0.0007283808663487434,5_benchmark
CVC-300,165,0.003301628865301609,5_benchmark
CVC-300,173,0.0012489533983170986,5_benchmark
CVC-300,204,0.0011419681832194328,5_benchmark
CVC-300,160,0.0022528525441884995,5_benchmark
CVC-300,181,0.0008476460352540016,5_benchmark
CVC-300,202,0.0012714536860585213,5_benchmark
CVC-300,190,0.0060276128351688385,5_benchmark
CVC-300,186,0.001391642726957798,5_benchmark
CVC-300,178,0.0012194467708468437,5_benchmark
CVC-300,193,0.00209963321685791,5_benchmark
CVC-300,150,0.014844683930277824,5_benchmark
CVC-300,170,0.0015250062569975853,5_benchmark
CVC-300,151,0.020685127936303616,5_benchmark
CVC-300,196,0.0025997962802648544,5_benchmark
CVC-300,188,0.0035843211226165295,5_benchmark
CVC-300,184,0.003089036326855421,5_benchmark
CVC-300,172,0.0029178541153669357,5_benchmark
CVC-300,198,0.0030770674347877502,5_benchmark
CVC-300,159,0.0032164687290787697,5_benchmark
CVC-300,171,0.04056441131979227,5_benchmark
CVC-300,167,0.008808736689388752,5_benchmark
CVC-300,208,0.008616626262664795,5_benchmark
CVC-300,169,0.0023115109652280807,5_benchmark
CVC-300,156,-0.02579939179122448,5_benchmark
CVC-300,191,0.0037808120250701904,5_benchmark
CVC-300,163,0.0009340532124042511,5_benchmark
CVC-300,177,0.002641232218593359,5_benchmark
CVC-300,200,0.0013381787575781345,5_benchmark
CVC-300,187,0.0019016987644135952,5_benchmark
CVC-ClinicDB,555,0.008492308668792248,5_benchmark
CVC-ClinicDB,61,0.01884293183684349,5_benchmark
CVC-ClinicDB,100,0.0033292025327682495,5_benchmark
CVC-ClinicDB,65,0.011082006618380547,5_benchmark
CVC-ClinicDB,148,0.016272014006972313,5_benchmark
CVC-ClinicDB,529,-0.0038391686975955963,5_benchmark
CVC-ClinicDB,240,0.0014069322496652603,5_benchmark
CVC-ClinicDB,185,-0.0021806657314300537,5_benchmark
CVC-ClinicDB,349,0.02420739084482193,5_benchmark
CVC-ClinicDB,73,0.007211730815470219,5_benchmark
CVC-ClinicDB,397,0.00952889770269394,5_benchmark
CVC-ClinicDB,171,0.028636512346565723,5_benchmark
CVC-ClinicDB,526,0.010150579735636711,5_benchmark
CVC-ClinicDB,191,0.01720224879682064,5_benchmark
CVC-ClinicDB,42,0.0046566687524318695,5_benchmark
CVC-ClinicDB,425,0.01631907746195793,5_benchmark
CVC-ClinicDB,134,0.006747027859091759,5_benchmark
CVC-ClinicDB,25,-0.039299122989177704,5_benchmark
CVC-ClinicDB,571,0.004632481373846531,5_benchmark
CVC-ClinicDB,166,0.01727608498185873,5_benchmark
CVC-ClinicDB,154,0.01454911194741726,5_benchmark
CVC-ClinicDB,400,0.014739464968442917,5_benchmark
CVC-ClinicDB,14,0.07942665461450815,5_benchmark
CVC-ClinicDB,50,0.00686173141002655,5_benchmark
CVC-ClinicDB,266,0.02494923211634159,5_benchmark
CVC-ClinicDB,561,0.006542275659739971,5_benchmark
CVC-ClinicDB,431,-0.0010142568498849869,5_benchmark
CVC-ClinicDB,569,0.006352700293064117,5_benchmark
CVC-ClinicDB,474,0.012468417175114155,5_benchmark
CVC-ClinicDB,66,0.007758580148220062,5_benchmark
CVC-ClinicDB,21,0.03605588525533676,5_benchmark
CVC-ClinicDB,464,0.008207913488149643,5_benchmark
CVC-ClinicDB,374,0.013447809964418411,5_benchmark
CVC-ClinicDB,353,0.0377831794321537,5_benchmark
CVC-ClinicDB,31,0.007459534332156181,5_benchmark
CVC-ClinicDB,492,0.024156322702765465,5_benchmark
CVC-ClinicDB,181,0.006680324673652649,5_benchmark
CVC-ClinicDB,404,0.046256298199296,5_benchmark
CVC-ClinicDB,575,0.01801406592130661,5_benchmark
CVC-ClinicDB,483,0.0088239386677742,5_benchmark
CVC-ClinicDB,442,0.012686384841799736,5_benchmark
CVC-ClinicDB,388,0.015103049576282501,5_benchmark
CVC-ClinicDB,52,0.0030409167520701885,5_benchmark
CVC-ClinicDB,106,0.04099886305630207,5_benchmark
CVC-ClinicDB,287,0.008664743974804878,5_benchmark
CVC-ClinicDB,119,0.016934098675847054,5_benchmark
CVC-ClinicDB,545,0.0077666472643613815,5_benchmark
CVC-ClinicDB,459,0.006028987467288971,5_benchmark
CVC-ClinicDB,429,-0.000980280339717865,5_benchmark
CVC-ClinicDB,307,0.012805569916963577,5_benchmark
CVC-ClinicDB,80,0.002298060804605484,5_benchmark
CVC-ClinicDB,179,-0.00577201135456562,5_benchmark
CVC-ClinicDB,300,0.023344116285443306,5_benchmark
CVC-ClinicDB,251,0.0027351882308721542,5_benchmark
CVC-ClinicDB,89,0.006493585184216499,5_benchmark
CVC-ClinicDB,279,0.010458050295710564,5_benchmark
CVC-ClinicDB,163,0.014970242977142334,5_benchmark
CVC-ClinicDB,481,0.011837605386972427,5_benchmark
CVC-ClinicDB,205,-0.0008876966312527657,5_benchmark
CVC-ClinicDB,381,0.0038570724427700043,5_benchmark
CVC-ClinicDB,559,0.005991373211145401,5_benchmark
CVC-ClinicDB,453,0.007607136853039265,5_benchmark
CVC-ColonDB,339,0.007637890055775642,5_benchmark
CVC-ColonDB,334,0.03157200291752815,5_benchmark
CVC-ColonDB,338,-0.0014415066689252853,5_benchmark
CVC-ColonDB,134,0.0033716093748807907,5_benchmark
CVC-ColonDB,129,0.0010952940210700035,5_benchmark
CVC-ColonDB,84,0.0009868573397397995,5_benchmark
CVC-ColonDB,149,0.012516623362898827,5_benchmark
CVC-ColonDB,335,0.028661842457950115,5_benchmark
CVC-ColonDB,38,0.00046853814274072647,5_benchmark
CVC-ColonDB,250,0.00044572632759809494,5_benchmark
CVC-ColonDB,31,0.00225965678691864,5_benchmark
CVC-ColonDB,356,-0.0011502280831336975,5_benchmark
CVC-ColonDB,226,0.009073123335838318,5_benchmark
CVC-ColonDB,324,0.04419051483273506,5_benchmark
CVC-ColonDB,203,0.0054171765223145485,5_benchmark
CVC-ColonDB,8,0.0012306403368711472,5_benchmark
CVC-ColonDB,317,0.017966321669518948,5_benchmark
CVC-ColonDB,15,0.0026863226667046547,5_benchmark
CVC-ColonDB,308,0.016814110800623894,5_benchmark
CVC-ColonDB,180,0.0024294587783515453,5_benchmark
CVC-ColonDB,112,0.018910296261310577,5_benchmark
CVC-ColonDB,320,0.006226901896297932,5_benchmark
CVC-ColonDB,94,0.0020720167085528374,5_benchmark
CVC-ColonDB,1,0.00027721747756004333,5_benchmark
CVC-ColonDB,17,0.002125418744981289,5_benchmark
CVC-ColonDB,331,0.05525035411119461,5_benchmark
CVC-ColonDB,121,0.02868400514125824,5_benchmark
CVC-ColonDB,140,0.00148790143430233,5_benchmark
CVC-ColonDB,107,0.010918529704213142,5_benchmark
CVC-ColonDB,168,0.009624297730624676,5_benchmark
CVC-ColonDB,43,-0.0021360497921705246,5_benchmark
CVC-ColonDB,351,0.0006436146795749664,5_benchmark
CVC-ColonDB,137,0.03142411634325981,5_benchmark
CVC-ColonDB,287,0.006206715479493141,5_benchmark
CVC-ColonDB,274,0.0033869771286845207,5_benchmark
CVC-ColonDB,232,0.0005722353234887123,5_benchmark
CVC-ColonDB,190,0.0060276128351688385,5_benchmark
CVC-ColonDB,240,0.0033207745291292667,5_benchmark
CVC-ColonDB,197,0.002006329596042633,5_benchmark
CVC-ColonDB,96,0.001661262009292841,5_benchmark
CVC-ColonDB,212,-0.0018285526894032955,5_benchmark
CVC-ColonDB,46,0.00021876627579331398,5_benchmark
CVC-ColonDB,119,-0.004443792626261711,5_benchmark
CVC-ColonDB,127,0.002730097621679306,5_benchmark
CVC-ColonDB,313,3.4395139664411545e-05,5_benchmark
CVC-ColonDB,89,0.0007846429944038391,5_benchmark
CVC-ColonDB,65,-0.0012848889455199242,5_benchmark
CVC-ColonDB,126,0.023329289630055428,5_benchmark
CVC-ColonDB,150,0.014844683930277824,5_benchmark
CVC-ColonDB,362,0.0008735642768442631,5_benchmark
CVC-ColonDB,175,0.0007283808663487434,5_benchmark
CVC-ColonDB,376,0.0005960604175925255,5_benchmark
CVC-ColonDB,5,1.9550323486328125e-05,5_benchmark
CVC-ColonDB,88,0.00034209340810775757,5_benchmark
CVC-ColonDB,380,0.0,5_benchmark
CVC-ColonDB,103,0.0010615754872560501,5_benchmark
CVC-ColonDB,255,0.0023240195587277412,5_benchmark
CVC-ColonDB,14,0.0015575522556900978,5_benchmark
CVC-ColonDB,319,0.01038156496360898,5_benchmark
CVC-ColonDB,205,0.00023722276091575623,5_benchmark
CVC-ColonDB,165,0.003301628865301609,5_benchmark
CVC-ColonDB,303,0.023086260072886944,5_benchmark
CVC-ColonDB,199,0.00260737631469965,5_benchmark
CVC-ColonDB,193,0.00209963321685791,5_benchmark
CVC-ColonDB,72,-0.0007377145811915398,5_benchmark
CVC-ColonDB,164,0.0014077797532081604,5_benchmark
CVC-ColonDB,289,0.0083136772736907,5_benchmark
CVC-ColonDB,101,0.009492084383964539,5_benchmark
CVC-ColonDB,115,8.071493357419968e-05,5_benchmark
CVC-ColonDB,42,-0.002589999232441187,5_benchmark
CVC-ColonDB,314,0.0012461603619158268,5_benchmark
CVC-ColonDB,41,0.0008805305697023869,5_benchmark
CVC-ColonDB,156,-0.02579939179122448,5_benchmark
CVC-ColonDB,305,0.029780597425997257,5_benchmark
CVC-ColonDB,173,0.0012489533983170986,5_benchmark
CVC-ColonDB,184,0.003089036326855421,5_benchmark
CVC-ColonDB,169,0.0023115109652280807,5_benchmark
CVC-ColonDB,298,0.005477899219840765,5_benchmark
CVC-ColonDB,367,0.0013391408137977123,5_benchmark
CVC-ColonDB,200,0.0013381787575781345,5_benchmark
ETIS-LaribPolypDB,48,0.001408195123076439,5_benchmark
ETIS-LaribPolypDB,24,0.003432077821344137,5_benchmark
ETIS-LaribPolypDB,113,0.0027314499020576477,5_benchmark
ETIS-LaribPolypDB,167,0.005330758634954691,5_benchmark
ETIS-LaribPolypDB,61,0.001682264730334282,5_benchmark
ETIS-LaribPolypDB,9,0.007266875356435776,5_benchmark
ETIS-LaribPolypDB,161,0.001444564200937748,5_benchmark
ETIS-LaribPolypDB,149,0.00039615854620933533,5_benchmark
ETIS-LaribPolypDB,115,0.0024341298267245293,5_benchmark
ETIS-LaribPolypDB,75,0.005236282013356686,5_benchmark
ETIS-LaribPolypDB,63,0.021724725142121315,5_benchmark
ETIS-LaribPolypDB,112,0.004675268195569515,5_benchmark
ETIS-LaribPolypDB,68,0.007236208766698837,5_benchmark
ETIS-LaribPolypDB,153,0.0001657409593462944,5_benchmark
ETIS-LaribPolypDB,26,0.004764914512634277,5_benchmark
ETIS-LaribPolypDB,25,0.005437643267214298,5_benchmark
ETIS-LaribPolypDB,53,0.0015069292858242989,5_benchmark
ETIS-LaribPolypDB,107,0.003963140305131674,5_benchmark
ETIS-LaribPolypDB,165,0.008509475737810135,5_benchmark
ETIS-LaribPolypDB,91,-0.0046193599700927734,5_benchmark
ETIS-LaribPolypDB,23,0.0003973902203142643,5_benchmark
ETIS-LaribPolypDB,183,6.89956359565258e-05,5_benchmark
ETIS-LaribPolypDB,47,-0.0027769142761826515,5_benchmark
ETIS-LaribPolypDB,14,0.002141670323908329,5_benchmark
ETIS-LaribPolypDB,176,0.0013112248852849007,5_benchmark
ETIS-LaribPolypDB,16,0.003218403086066246,5_benchmark
ETIS-LaribPolypDB,38,0.001407744362950325,5_benchmark
ETIS-LaribPolypDB,79,0.0013242894783616066,5_benchmark
ETIS-LaribPolypDB,126,0.0028788475319743156,5_benchmark
ETIS-LaribPolypDB,160,0.004468593746423721,5_benchmark
ETIS-LaribPolypDB,173,0.00161045603454113,5_benchmark
ETIS-LaribPolypDB,3,0.004349266178905964,5_benchmark
ETIS-LaribPolypDB,88,0.0003719199448823929,5_benchmark
ETIS-LaribPolypDB,120,0.00010782107710838318,5_benchmark
ETIS-LaribPolypDB,46,0.0005385177209973335,5_benchmark
ETIS-LaribPolypDB,185,-0.00027488917112350464,5_benchmark
ETIS-LaribPolypDB,15,0.0018887761980295181,5_benchmark
ETIS-LaribPolypDB,116,0.0038975700736045837,5_benchmark
ETIS-LaribPolypDB,32,0.005643678829073906,5_benchmark
ETIS-LaribPolypDB,168,0.00537545420229435,5_benchmark
ETIS-LaribPolypDB,103,0.007491882890462875,5_benchmark
ETIS-LaribPolypDB,158,0.0052656265906989574,5_benchmark
ETIS-LaribPolypDB,45,0.00037920568138360977,5_benchmark
ETIS-LaribPolypDB,187,0.002287856303155422,5_benchmark
ETIS-LaribPolypDB,74,0.001494087278842926,5_benchmark
ETIS-LaribPolypDB,33,0.006130958907306194,5_benchmark
ETIS-LaribPolypDB,71,0.0017164777964353561,5_benchmark
ETIS-LaribPolypDB,11,0.0031755613163113594,5_benchmark
ETIS-LaribPolypDB,130,0.022893790155649185,5_benchmark
ETIS-LaribPolypDB,69,0.0005147280171513557,5_benchmark
ETIS-LaribPolypDB,137,0.004913930781185627,5_benchmark
ETIS-LaribPolypDB,159,0.003105955198407173,5_benchmark
ETIS-LaribPolypDB,44,0.0010859500616788864,5_benchmark
ETIS-LaribPolypDB,17,0.0013638287782669067,5_benchmark
ETIS-LaribPolypDB,29,0.005892744287848473,5_benchmark
ETIS-LaribPolypDB,34,0.00525473989546299,5_benchmark
ETIS-LaribPolypDB,125,-0.0006280764937400818,5_benchmark
ETIS-LaribPolypDB,41,0.001830248162150383,5_benchmark
ETIS-LaribPolypDB,76,0.0022958191111683846,5_benchmark
ETIS-LaribPolypDB,145,0.0014900146052241325,5_benchmark
ETIS-LaribPolypDB,72,0.0024010492488741875,5_benchmark
ETIS-LaribPolypDB,133,0.005771208088845015,5_benchmark
ETIS-LaribPolypDB,127,0.01077327597886324,5_benchmark
ETIS-LaribPolypDB,186,-0.001496464479714632,5_benchmark
ETIS-LaribPolypDB,65,0.014069098979234695,5_benchmark
ETIS-LaribPolypDB,136,0.006215851753950119,5_benchmark
ETIS-LaribPolypDB,95,-0.0008319253101944923,5_benchmark
ETIS-LaribPolypDB,190,0.011027010157704353,5_benchmark
ETIS-LaribPolypDB,122,0.011237060651183128,5_benchmark
ETIS-LaribPolypDB,54,0.0034011341631412506,5_benchmark
ETIS-LaribPolypDB,56,0.0030090268701314926,5_benchmark
ETIS-LaribPolypDB,87,0.0007401071488857269,5_benchmark
ETIS-LaribPolypDB,100,0.0024998653680086136,5_benchmark
ETIS-LaribPolypDB,140,0.00794968195259571,5_benchmark
ETIS-LaribPolypDB,193,0.005015182308852673,5_benchmark
ETIS-LaribPolypDB,52,0.001962580718100071,5_benchmark
ETIS-LaribPolypDB,66,0.015242405235767365,5_benchmark
ETIS-LaribPolypDB,131,0.014217005111277103,5_benchmark
ETIS-LaribPolypDB,90,-0.0021374179050326347,5_benchmark
ETIS-LaribPolypDB,119,0.0035587744787335396,5_benchmark
Kvasir,cju7ddtz729960801uazp1knc,0.008980631828308105,5_benchmark
Kvasir,cju42wamblrqn098798r2yyok,0.02381434477865696,5_benchmark
Kvasir,cju5yeqiwmkgl0801fzv2douc,0.007736440747976303,5_benchmark
Kvasir,cju3uhb79gcgr0871orbrbi3x,0.00712999515235424,5_benchmark
Kvasir,cju3tp94kfstl08181awh6z49,0.02232603169977665,5_benchmark
Kvasir,cju30j1rgadut0801vuyrsnt8,-0.0012494325637817383,5_benchmark
Kvasir,cju2np2k9zi3v079992ypxqkn,0.0099625363945961,5_benchmark
Kvasir,cju7bgnvb1sf808717qa799ir,0.0028769709169864655,5_benchmark
Kvasir,cju1cqc7n4gpy0855jt246k68,0.01229165866971016,5_benchmark
Kvasir,cju0u82z3cuma0835wlxrnrjv,0.01604468747973442,5_benchmark
Kvasir,cju2hqt33lmra0988fr5ijv8j,0.014162806794047356,5_benchmark
Kvasir,cju2wve9v7esz0878mxsdcy04,0.0071982573717832565,5_benchmark
Kvasir,cju6v1m1xv07w09870ah3njy1,0.008545896038413048,5_benchmark
Kvasir,cju2yo1j1v0qz09934o0e683p,0.03710658848285675,5_benchmark
Kvasir,cju84hibuktj80871u519o71q,0.01407143846154213,5_benchmark
Kvasir,cju17z0qongpa0993de4boim4,0.014010179787874222,5_benchmark
Kvasir,cju6x0yqbvxqt0755dhxislgb,0.016097331419587135,5_benchmark
Kvasir,cju7ajnbo1gvm098749rdouk0,0.014888141304254532,5_benchmark
Kvasir,cju1f8w0t65en0799m9oacq0q,0.010354340076446533,5_benchmark
Kvasir,cju2y40d8ulqo0993q0adtgtb,0.0261645819991827,5_benchmark
Kvasir,cju45rj7ln8980850a7821fov,0.004641568288207054,5_benchmark
Kvasir,cju7fcgbe2z3p07550vaflqdb,0.018779488280415535,5_benchmark
Kvasir,cju2rga4psq9n09881z519xx0,0.018010128289461136,5_benchmark
Kvasir,cju34m7h536wq0988xz7gx79v,0.04782235436141491,5_benchmark
Kvasir,cju5y4hgqmk0i08180rjhbwvp,0.005099348723888397,5_benchmark
Kvasir,cju2hfqnmhisa0993gpleeldd,-0.0023364685475826263,5_benchmark
Kvasir,cju31w6goazci0799n014ly1q,0.006006054580211639,5_benchmark
Kvasir,cju8bk8oirjhw0817hgkua2w8,0.049856122583150864,5_benchmark
Kvasir,cju1cj3f0qi5n0993ut8f49rj,0.019771350547671318,5_benchmark
Kvasir,cju6uy20suzbl0987rzuhz7z9,0.0012935195118188858,5_benchmark
Kvasir,cju1ddr6p4k5z08780uuuzit2,0.006685689091682434,5_benchmark
Kvasir,cju3x5u2tiihx0818914gzxy1,0.017482349649071693,5_benchmark
Kvasir,cju7dymur2od30755eg8yv2ht,0.012628482654690742,5_benchmark
Kvasir,cju2rqo702wpx0855fn7d5cxh,0.020671403035521507,5_benchmark
Kvasir,cju88vx2uoocy075531lc63n3,0.01899431273341179,5_benchmark
Kvasir,cju1amqw6p8pw0993d9gc5crl,0.009414568543434143,5_benchmark
Kvasir,cju5xjn5mm78b09871spyqhhr,0.026388932019472122,5_benchmark
Kvasir,cju5x00l6m5j608503k78ptee,0.001159384846687317,5_benchmark
Kvasir,cju2zp89k9q1g0855k1x0f1xa,0.009900688659399748,5_benchmark
Kvasir,cju2hjrqcvi2j0801bx1i6gxg,0.01680254191160202,5_benchmark
Kvasir,cju3ya7goj6at0818v2l5ay7f,0.0016328617930412292,5_benchmark
Kvasir,cju2yv4imv6cz099314jveiib,0.004909992218017578,5_benchmark
Kvasir,cju1c3218411b08014g9f6gig,0.013447212055325508,5_benchmark
Kvasir,cju8aqq8uqmoq0987hphto9gg,0.014284448698163033,5_benchmark
Kvasir,cju2rmd2rsw9g09888hh1efu0,0.00413794070482254,5_benchmark
Kvasir,cju2lberzkdzm09938cl40pog,0.017804700881242752,5_benchmark
Kvasir,cju7crgxa28550755wbsgqkel,0.02249857410788536,5_benchmark
Kvasir,cju2pag1f0s4r0878h52uq83s,0.02847752906382084,5_benchmark
Kvasir,cju5k3j3uf6de0817hszzfr7n,0.0027646729722619057,5_benchmark
Kvasir,cju1h89h6xbnx08352k2790o9,0.023755740374326706,5_benchmark
Kvasir,cju2osuru0ki00855txo0n3uu,0.027124010026454926,5_benchmark
Kvasir,cju16whaj0e7n0855q7b6cjkm,0.0063959043473005295,5_benchmark
Kvasir,cju2hos57llxm08359g92p6jj,0.022559186443686485,5_benchmark
Kvasir,cju30gxjq0djk0988jytm49rs,0.016917462460696697,5_benchmark
Kvasir,cju1cbokpuiw70988j4lq1fpi,0.021504592150449753,5_benchmark
Kvasir,cju7awzmu1ncs0871hziy65zx,0.01685481145977974,5_benchmark
Kvasir,cju1bm8063nmh07996rsjjemq,0.006184672005474567,5_benchmark
Kvasir,cju5wrrs0m2af0818vmnajbtw,0.014257146045565605,5_benchmark
Kvasir,cju2zwg05a0oy0801yr73ig7g,0.031058374792337418,5_benchmark
Kvasir,cju7fpfzq2wyf0818xxd1oziv,0.014228207990527153,5_benchmark
Kvasir,cju45ty6zn9oz0850qy4qnck1,0.007239538244903088,5_benchmark
Kvasir,cju8dqkrqu83i0818ev74qpxq,0.005683297291398048,5_benchmark
Kvasir,cju43jcqim2cp08172dvjvyui,0.012690102681517601,5_benchmark
Kvasir,cju34xspwzenf0993cyzajv9n,0.010024504736065865,5_benchmark
Kvasir,cju3ykamdj9u208503pygyuc8,0.00041285157203674316,5_benchmark
Kvasir,cju5xkwzxmf0z0818gk4xabdm,0.039626048877835274,5_benchmark
Kvasir,cju3v11mrgwwb0755u242ygye,0.0006188265979290009,5_benchmark
Kvasir,cju5xq3tdm9fn0987pbedxdg5,0.017190905287861824,5_benchmark
Kvasir,cju5hyi9yegob0755ho3do8en,0.02328680083155632,5_benchmark
Kvasir,cju8c2rqzs5t80850d0zky5dy,0.018535006791353226,5_benchmark
Kvasir,cju7bd1qu1mx409877xjxibox,-0.0009659118950366974,5_benchmark
Kvasir,cju32srle1xfq083575i3fl75,0.02117972820997238,5_benchmark
Kvasir,cju5cky5xb0ay0801oxet697t,0.012518992647528648,5_benchmark
Kvasir,cju3xga12iixg0817dijbvjxw,6.234273314476013e-06,5_benchmark
Kvasir,cju8d4jgatgpj0871q2ophhkm,0.009572655893862247,5_benchmark
Kvasir,cju45v0pungu40871acnwtmu5,0.013361671939492226,5_benchmark
Kvasir,cju6vrs1ov8cr098788h8gs6j,0.02690719999372959,5_benchmark
Kvasir,cju2yi9tz8vky0801yqip0xyl,0.013190198689699173,5_benchmark
Kvasir,cju8alhigqn2h0801zksudldd,0.028869658708572388,5_benchmark
Kvasir,cju5clr68b48r0755cmuvponm,0.0044671352952718735,5_benchmark
PolypDB_BLI,PKHL_15 220831_201028_BN026_034,0.003011360764503479,PolypDB
PolypDB_BLI,PKHL_15 220831_201026_BN032_027,0.02994604781270027,PolypDB
PolypDB_BLI,PKHL_15 220831_201030_BN011_049,0.013116104528307915,PolypDB
PolypDB_BLI,PKHL_15 220831_201026_BN038_003,0.01581626757979393,PolypDB
PolypDB_BLI,PKHL_15 220831_201030_BN038_035,0.002847883850336075,PolypDB
PolypDB_BLI,PKHL_15 220831_201028_BN021_006,0.010314971208572388,PolypDB
PolypDB_BLI,PKHL_15 220831_201027_BN093_011,0.0019695665687322617,PolypDB
PolypDB_BLI,PKHL_15 220831_201028_BN048_020,0.0037752874195575714,PolypDB
PolypDB_BLI,PKHL_15 220831_201030_BN004_026,0.014336427673697472,PolypDB
PolypDB_BLI,PKHL_15 220831_201028_BN003_048,0.029221247881650925,PolypDB
PolypDB_BLI,PKHL_15 220831_201028_BN036_030,0.003929127007722855,PolypDB
PolypDB_BLI,PKHL_15 220831_201027_BN087_028,0.009725954383611679,PolypDB
PolypDB_BLI,PKHL_15 220831_201102_BN054_034,0.002377603203058243,PolypDB
PolypDB_BLI,PKHL_15 220831_201026_BN038_011,0.03031870350241661,PolypDB
PolypDB_BLI,PKHL_15 220831_201031_BN073_022,0.006312143057584763,PolypDB
PolypDB_BLI,PKHL_15 220831_201028_BN036_023,0.020212065428495407,PolypDB
PolypDB_BLI,PKHL_15 220831_201030_BN057_037,0.00950210727751255,PolypDB
PolypDB_BLI,PKHL_15 220831_201028_BN054_035,0.010966476052999496,PolypDB
PolypDB_BLI,PKHL_15 220831_201030_BN057_036,0.006564803421497345,PolypDB
PolypDB_BLI,PKHL_15 220831_201030_BN011_036,0.005091678351163864,PolypDB
PolypDB_BLI,PKHL_15 220831_201028_BN012_026,0.015168905258178711,PolypDB
PolypDB_BLI,PKHL_15 220831_201028_BN054_034,0.0057930052280426025,PolypDB
PolypDB_BLI,PKHL_15 220831_201029_BN043_032,0.0038628950715065002,PolypDB
PolypDB_BLI,PKHL_15 220831_201028_BN030_037,0.0073437802493572235,PolypDB
PolypDB_BLI,PKHL_15 220831_201027_BN087_011,0.004724565893411636,PolypDB
PolypDB_BLI,PKHL_15 220831_201030_BN025_033,0.0037180595099925995,PolypDB
PolypDB_BLI,PKHL_15 220831_201029_BN041_023,0.00931861437857151,PolypDB
PolypDB_BLI,PKHL_15 220831_201029_BN046_025,0.0038084909319877625,PolypDB
PolypDB_BLI,PKHL_15 220831_201030_BN006_028,0.019072212278842926,PolypDB
PolypDB_BLI,PKHL_15 220831_201028_BN026_014,-0.00014902278780937195,PolypDB
PolypDB_BLI,PKHL_15 220831_201030_BN049_034,0.01391410268843174,PolypDB
PolypDB_BLI,PKHL_15 220831_201029_BN041_022,0.009514778852462769,PolypDB
PolypDB_BLI,PKHL_15 220831_201028_BN028_022,0.009200993925333023,PolypDB
PolypDB_BLI,PKHL_15 220831_201028_BN061_002,0.0011812373995780945,PolypDB
PolypDB_BLI,PKHL_15 220831_201028_BN003_051,0.01676410809159279,PolypDB
PolypDB_BLI,PKHL_15 220831_201030_BN018_016,0.012014839798212051,PolypDB
PolypDB_BLI,PKHL_15 220831_201026_BN036_012,0.034382276237010956,PolypDB
PolypDB_BLI,PKHL_15 220831_201028_BN021_003,0.0016021132469177246,PolypDB
PolypDB_BLI,PKHL_15 220831_201027_BN087_023,0.001692427322268486,PolypDB
PolypDB_BLI,PKHL_15 220831_201030_BN045_045,0.0017959661781787872,PolypDB
PolypDB_BLI,PKHL_15 220831_201027_BN087_010,0.014031592756509781,PolypDB
PolypDB_BLI,PKHL_15 220831_201028_BN054_036,0.015719329938292503,PolypDB
PolypDB_BLI,PKHL_15 220831_201031_BN073_052,0.0003874674439430237,PolypDB
PolypDB_BLI,PKHL_15 220831_201102_BN058_007,0.0037749484181404114,PolypDB
PolypDB_BLI,PKHL_15 220831_201102_BN054_035,0.006864733994007111,PolypDB
PolypDB_BLI,PKHL_15 220831_201028_BN012_022,0.01588032767176628,PolypDB
PolypDB_BLI,PKHL_15 220831_201028_BN030_021,0.03746502846479416,PolypDB
PolypDB_BLI,PKHL_15 220831_201029_BN043_031,0.01518038846552372,PolypDB
PolypDB_BLI,PKHL_15 220831_201028_BN028_023,0.02366630733013153,PolypDB
PolypDB_BLI,PKHL_15 220831_201030_BN011_047,0.011113425716757774,PolypDB
PolypDB_BLI,PKHL_15 220831_201028_BN028_018,0.0076759979128837585,PolypDB
PolypDB_BLI,PKHL_15 220831_201031_BN005_018,0.00941712036728859,PolypDB
PolypDB_BLI,PKHL_15 220831_201031_BN073_051,0.008981004357337952,PolypDB
PolypDB_BLI,PKHL_15 220831_201027_BN093_012,0.0009356699883937836,PolypDB
PolypDB_BLI,PKHL_15 220831_201028_BN045_030,0.005220387130975723,PolypDB
PolypDB_BLI,PKHL_15 220831_201102_BN032_029,0.013534009456634521,PolypDB
PolypDB_BLI,PKHL_15 220831_201031_BN073_017,0.01063661277294159,PolypDB
PolypDB_BLI,PKHL_15 220831_201028_BN056_045,0.011374078691005707,PolypDB
PolypDB_BLI,PKHL_15 220831_201028_BN036_019,0.015279989689588547,PolypDB
PolypDB_BLI,PKHL_15 220831_201029_BN043_036,0.006357399746775627,PolypDB
PolypDB_BLI,PKHL_15 220831_201102_BN029_029,0.00920058786869049,PolypDB
PolypDB_BLI,PKHL_15 220831_201026_BN032_033,0.022263627499341965,PolypDB
PolypDB_BLI,PKHL_15 220831_201030_BN025_004,0.013923928141593933,PolypDB
PolypDB_BLI,PKHL_15 220831_201028_BN026_032,0.009599786251783371,PolypDB
PolypDB_BLI,PKHL_15 220831_201026_BN032_035,0.02040380984544754,PolypDB
PolypDB_BLI,PKHL_15 220831_201028_BN026_041,0.007028251886367798,PolypDB
PolypDB_BLI,PKHL_15 220831_201028_BN026_017,0.0016200654208660126,PolypDB
PolypDB_BLI,PKHL_15 220831_201031_BN045_054,0.04043068736791611,PolypDB
PolypDB_BLI,PKHL_15 220831_201028_BN012_021,0.02110995724797249,PolypDB
PolypDB_BLI,PKHL_15 220831_201030_BN021_009,0.008332863450050354,PolypDB
PolypDB_FICE,HMUH_15 201129_201117_BN003_002,0.05226713791489601,PolypDB
PolypDB_FICE,HMUH_15 201129_201111_BN001_001,0.017091237008571625,PolypDB
PolypDB_FICE,HMUH_15 201129_201123_BN004_004,0.009372077882289886,PolypDB
PolypDB_FICE,HMUH_15 201129_201111_BN001_005,0.03003765642642975,PolypDB
PolypDB_FICE,HMUH_16 201207_201126_BN001_001,0.0039806850254535675,PolypDB
PolypDB_FICE,HMUH_15 201129_201114_BN001_001,0.02448887750506401,PolypDB
PolypDB_FICE,HMUH_15 201129_201111_BN002_004,0.014129165560007095,PolypDB
PolypDB_FICE,HMUH_15 201129_201119_BN005_004,0.012120135128498077,PolypDB
PolypDB_FICE,HMUH_15 201129_201123_BN003_002,0.011071741580963135,PolypDB
PolypDB_FICE,HMUH_15 201129_201111_BN002_006,0.010959144681692123,PolypDB
PolypDB_FICE,HMUH_15 201129_201119_BN005_002,0.021226994693279266,PolypDB
PolypDB_FICE,HMUH_15 201129_201111_BN002_003,-0.00011692941188812256,PolypDB
PolypDB_FICE,HMUH_16 201207_201128_BN007_001,0.006515804678201675,PolypDB
PolypDB_FICE,HMUH_15 201129_201111_BN001_006,0.014608502388000488,PolypDB
PolypDB_FICE,HMUH_16 201207_201127_BN006_001,0.0010187551379203796,PolypDB
PolypDB_FICE,HMUH_15 201129_201119_BN005_001,0.03518173471093178,PolypDB
PolypDB_FICE,HMUH_16 201207_201126_BN007_002,0.010274268686771393,PolypDB
PolypDB_FICE,HMUH_15 201129_201120_BN007_001,0.009459927678108215,PolypDB
PolypDB_FICE,HMUH_16 201207_201126_BN007_001,0.007414218038320541,PolypDB
PolypDB_FICE,HMUH_15 201129_201123_BN004_002,0.006075311452150345,PolypDB
PolypDB_FICE,HMUH_15 201129_201112_BN001_002,0.06075115129351616,PolypDB
PolypDB_FICE,HMUH_15 201129_201119_BN005_005,0.008883468806743622,PolypDB
PolypDB_FICE,HMUH_15 201129_201123_BN002_002,-0.0026038512587547302,PolypDB
PolypDB_FICE,HMUH_15 201129_201119_BN002_004,0.016674324870109558,PolypDB
PolypDB_FICE,HMUH_15 201129_201111_BN002_001,0.030000239610671997,PolypDB
PolypDB_FICE,HMUH_16 201207_201125_BN001_001,0.031049691140651703,PolypDB
PolypDB_FICE,HMUH_15 201129_201120_BN008_001,0.010650530457496643,PolypDB
PolypDB_FICE,HMUH_15 201129_201123_BN003_001,0.01121581345796585,PolypDB
PolypDB_FICE,HMUH_15 201129_201123_BN004_001,0.039394088089466095,PolypDB
PolypDB_FICE,HMUH_15 201129_201114_BN001_002,0.03997063264250755,PolypDB
PolypDB_FICE,HMUH_16 201207_201126_BN004_001,0.006169252097606659,PolypDB
PolypDB_FICE,HMUH_15 201129_201120_BN007_005,0.0132654570043087,PolypDB
PolypDB_FICE,HMUH_15 201129_201118_BN004_003,-0.003829486668109894,PolypDB
PolypDB_FICE,HMUH_15 201129_201120_BN007_004,0.005693167448043823,PolypDB
PolypDB_FICE,HMUH_15 201129_201111_BN002_007,0.006505157798528671,PolypDB
PolypDB_FICE,HMUH_16 201207_201120_BN001_001,-0.0020521879196166992,PolypDB
PolypDB_FICE,HMUH_15 201129_201111_BN001_004,0.07767008244991302,PolypDB
PolypDB_FICE,HMUH_15 201129_201113_BN001_001,0.008344165980815887,PolypDB
PolypDB_FICE,HMUH_15 201129_201111_BN002_002,-0.013244234025478363,PolypDB
PolypDB_FICE,HMUH_16 201207_201126_BN001_003,0.01177157461643219,PolypDB
PolypDB_FICE,HMUH_15 201129_201111_BN001_007,0.05897631496191025,PolypDB
PolypDB_FICE,HMUH_15 201129_201120_BN007_002,0.013651847839355469,PolypDB
PolypDB_FICE,HMUH_16 201207_201128_BN005_001,0.0738268531858921,PolypDB
PolypDB_FICE,HMUH_16 201207_201128_BN007_003,0.01574162021279335,PolypDB
PolypDB_FICE,HMUH_16 201207_201128_BN007_002,0.013247445225715637,PolypDB
PolypDB_FICE,HMUH_15 201129_201112_BN001_001,0.009160753339529037,PolypDB
PolypDB_FICE,HMUH_15 201129_201119_BN002_001,0.04676668345928192,PolypDB
PolypDB_FICE,HMUH_15 201129_201123_BN002_001,0.020185399800539017,PolypDB
PolypDB_FICE,HMUH_15 201129_201118_BN004_004,0.0031852908432483673,PolypDB
PolypDB_FICE,HMUH_15 201129_201123_BN004_003,0.00048295408487319946,PolypDB
PolypDB_FICE,HMUH_15 201129_201118_BN004_002,0.01848820596933365,PolypDB
PolypDB_FICE,HMUH_16 201207_201126_BN008_001,0.009104210883378983,PolypDB
PolypDB_FICE,HMUH_16 201207_201128_BN001_001,0.021282386034727097,PolypDB
PolypDB_FICE,HMUH_15 201129_201111_BN002_005,0.02385394275188446,PolypDB
PolypDB_FICE,HMUH_15 201129_201119_BN005_003,0.05141003057360649,PolypDB
PolypDB_FICE,HMUH_16 201207_201128_BN005_003,0.02770673856139183,PolypDB
PolypDB_FICE,HMUH_16 201207_201127_BN002_001,0.005968742072582245,PolypDB
PolypDB_FICE,HMUH_15 201129_201120_BN007_003,0.007393993437290192,PolypDB
PolypDB_FICE,HMUH_15 201129_201119_BN004_004,0.04777689650654793,PolypDB
PolypDB_FICE,HMUH_15 201129_201123_BN002_003,0.013955000787973404,PolypDB
PolypDB_FICE,HMUH_16 201207_201128_BN005_002,0.06391396373510361,PolypDB
PolypDB_FICE,HMUH_15 201129_201111_BN001_002,0.0220644548535347,PolypDB
PolypDB_FICE,HMUH_16 201207_201124_BN001_001,0.012104250490665436,PolypDB
PolypDB_FICE,HMUH_15 201129_201117_BN003_001,0.021759361028671265,PolypDB
PolypDB_FICE,HMUH_15 201129_201111_BN001_003,0.010466355830430984,PolypDB
PolypDB_FICE,HMUH_15 201129_201118_BN004_001,0.016295749694108963,PolypDB
PolypDB_FICE,HMUH_15 201129_201116_BN001_001,0.009525716304779053,PolypDB
PolypDB_FICE,HMUH_16 201207_201127_BN001_001,0.007278427481651306,PolypDB
PolypDB_FICE,HMUH_15 201129_201111_BN002_008,0.008607612922787666,PolypDB
PolypDB_FICE,HMUH_16 201207_201120_BN001_002,0.009847443550825119,PolypDB
PolypDB_LCI,PKHL_15 220831_201209_BN004_045,0.008263521827757359,PolypDB
PolypDB_LCI,PKHL_15 220831_201211_BN046_043,0.0017834771424531937,PolypDB
PolypDB_LCI,PKHL_15 220831_201221_BN026_037,0.011797863990068436,PolypDB
PolypDB_LCI,PKHL_15 220831_201222_BN022_006,0.02308345027267933,PolypDB
PolypDB_LCI,PKHL_15 220831_201212_BN040_011,0.01641254499554634,PolypDB
PolypDB_LCI,PKHL_15 220831_201223_BN023_025,0.007319127209484577,PolypDB
PolypDB_LCI,PKHL_15 220831_201219_BN032_026,0.010339876636862755,PolypDB
PolypDB_LCI,PKHL_15 220831_201222_BN027_039,0.020269224420189857,PolypDB
PolypDB_LCI,PKHL_15 220831_201212_BN029_021,0.006853729486465454,PolypDB
PolypDB_LCI,PKHL_15 220831_201223_BN031_005,0.008398232981562614,PolypDB
PolypDB_LCI,PKHL_15 220831_201222_BN022_019,0.008517326787114143,PolypDB
PolypDB_LCI,PKHL_15 220831_201223_BN010_014,0.021853435784578323,PolypDB
PolypDB_LCI,PKHL_15 220831_201217_BN019_008,-0.0009639803320169449,PolypDB
PolypDB_LCI,PKHL_15 220831_201211_BN035_038,0.013585828244686127,PolypDB
PolypDB_LCI,PKHL_15 220831_201223_BN023_016,0.004234238527715206,PolypDB
PolypDB_LCI,PKHL_15 220831_201212_BN043_047,0.009524748660624027,PolypDB
PolypDB_LCI,PKHL_15 220831_201212_BN027_033,0.008652489632368088,PolypDB
PolypDB_LCI,PKHL_15 220831_201211_BN072_007,0.017317935824394226,PolypDB
PolypDB_LCI,PKHL_15 220831_201221_BN055_029,0.00033128075301647186,PolypDB
PolypDB_LCI,PKHL_15 220831_201211_BN046_003,0.0045504020527005196,PolypDB
PolypDB_LCI,PKHL_15 220831_201222_BN003_042,0.016586631536483765,PolypDB
PolypDB_LCI,PKHL_15 220831_201212_BN050_012,0.024368150159716606,PolypDB
PolypDB_LCI,PKHL_15 220831_201219_BN047_044,0.03439391031861305,PolypDB
PolypDB_LCI,PKHL_15 220831_201223_BN033_033,0.05601085163652897,PolypDB
PolypDB_LCI,PKHL_15 220831_201215_BN032_009,0.013141904026269913,PolypDB
PolypDB_LCI,PKHL_15 220831_201223_BN023_046,0.006971638649702072,PolypDB
PolypDB_LCI,PKHL_15 220831_201212_BN040_016,0.018169749528169632,PolypDB
PolypDB_LCI,PKHL_15 220831_201216_BN025_016,0.03671462461352348,PolypDB
PolypDB_LCI,PKHL_15 220831_201212_BN027_041,0.009292175993323326,PolypDB
PolypDB_LCI,PKHL_15 220831_201217_BN016_014,0.004255427047610283,PolypDB
PolypDB_LCI,PKHL_15 220831_201215_BN066_005,0.004834743216633797,PolypDB
PolypDB_LCI,PKHL_15 220831_201212_BN040_052,0.0024857474491000175,PolypDB
PolypDB_LCI,PKHL_15 220831_201215_BN032_004,0.005581539124250412,PolypDB
PolypDB_LCI,PKHL_15 220831_201223_BN023_045,0.007471785880625248,PolypDB
PolypDB_LCI,PKHL_15 220831_201212_BN029_020,0.005850546061992645,PolypDB
PolypDB_LCI,PKHL_15 220831_201219_BN032_015,0.0028329528868198395,PolypDB
PolypDB_LCI,PKHL_15 220831_201223_BN023_020,0.0017789844423532486,PolypDB
PolypDB_LCI,PKHL_15 220831_201221_BN055_031,-0.001195400021970272,PolypDB
PolypDB_LCI,PKHL_15 220831_201221_BN029_010,0.0027687298133969307,PolypDB
PolypDB_LCI,PKHL_15 220831_201217_BN016_013,0.002657555975019932,PolypDB
PolypDB_LCI,PKHL_15 220831_201222_BN010_009,0.0072784265503287315,PolypDB
PolypDB_LCI,PKHL_15 220831_201209_BN036_042,0.004507269710302353,PolypDB
PolypDB_LCI,PKHL_15 220831_201212_BN050_032,0.0075408685952425,PolypDB
PolypDB_LCI,PKHL_15 220831_201211_BN035_035,0.011819763109087944,PolypDB
PolypDB_LCI,PKHL_15 220831_201222_BN027_037,0.002839217893779278,PolypDB
PolypDB_LCI,PKHL_15 220831_201221_BN055_027,0.0016316836699843407,PolypDB
PolypDB_LCI,PKHL_15 220831_201219_BN047_056,0.0046278443187475204,PolypDB
PolypDB_LCI,PKHL_15 220831_201214_BN047_023,0.015891356393694878,PolypDB
PolypDB_LCI,PKHL_15 220831_201223_BN010_013,0.02000370528548956,PolypDB
PolypDB_LCI,PKHL_15 220831_201212_BN029_019,0.0172754917293787,PolypDB
PolypDB_LCI,PKHL_15 220831_201214_BN047_022,0.016177786514163017,PolypDB
PolypDB_LCI,PKHL_15 220831_201212_BN050_009,0.008471912704408169,PolypDB
PolypDB_LCI,PKHL_15 220831_201223_BN033_049,0.003696136176586151,PolypDB
PolypDB_LCI,PKHL_15 220831_201212_BN050_013,0.016439251601696014,PolypDB
PolypDB_LCI,PKHL_15 220831_201211_BN072_008,0.006631938740611076,PolypDB
PolypDB_LCI,PKHL_15 220831_201221_BN061_015,0.019473301246762276,PolypDB
PolypDB_LCI,PKHL_15 220831_201212_BN040_015,0.032006509602069855,PolypDB
PolypDB_LCI,PKHL_15 220831_201216_BN025_017,0.019845910370349884,PolypDB
PolypDB_LCI,PKHL_15 220831_201223_BN023_008,0.0006241891533136368,PolypDB
PolypDB_LCI,PKHL_15 220831_201221_BN038_036,0.02077176235616207,PolypDB
PolypDB_NBI,6107eb1e-c620-451d-bd94-0ab70fb9d8ff,0.009636692702770233,PolypDB
PolypDB_NBI,aefe9836-d747-4184-9183-39cc874cb7a0,0.0056095607578754425,PolypDB
PolypDB_NBI,1bf153c8-9a84-4b74-a1b9-18c8e1d61ceb,0.028713034465909004,PolypDB
PolypDB_NBI,100H0029 (NBI),0.009334886446595192,PolypDB
PolypDB_NBI,57e61613-195e-4779-b570-92a01ee4218a,0.011195532977581024,PolypDB
PolypDB_NBI,cec8c100-6580-4f96-80af-d30a96c60c80,-0.01661631464958191,PolypDB
PolypDB_NBI,1f4078b8-778b-46fc-8074-6bb0bff9e7db,0.012529321014881134,PolypDB
PolypDB_NBI,90451660-768a-4f57-beb1-06ae172770ef,0.014594631269574165,PolypDB
PolypDB_NBI,852816d5-0756-4ef7-81d7-1ad954ccb6f6,0.002193450927734375,PolypDB
PolypDB_NBI,100H0024,0.00121350958943367,PolypDB
PolypDB_NBI,0ed89bf6-65f8-4f70-bdcd-e92abe36e18b,0.003691861405968666,PolypDB
PolypDB_NBI,c886bda9-cf92-44a0-9943-8785eb4bc8f1,-0.0015897676348686218,PolypDB
PolypDB_NBI,edbed5a6-ba51-4069-8747-b8730894a966,0.019252967089414597,PolypDB
PolypDB_NBI,8ec3e048-535a-45ba-a854-7054a7999979,0.028522120788693428,PolypDB
PolypDB_NBI,e8749910-855d-4a27-b6d0-6d70cb9bc8a2,-0.010365832597017288,PolypDB
PolypDB_NBI,347e4801-f222-48f0-98eb-02c1de175b04,0.018858838826417923,PolypDB
PolypDB_NBI,7c5c7bee-2395-4094-882c-5b2fe93c311d,0.0027393437922000885,PolypDB
PolypDB_NBI,e927fcc4-a783-4222-9a3b-28ad2a5acdbf,-0.00012320652604103088,PolypDB
PolypDB_NBI,23e16b18-9589-4d7a-81e4-8fa7bf499b88,0.010819241404533386,PolypDB
PolypDB_NBI,7758dedf-787a-4916-8dbf-ea586bc9ac69,0.034899890422821045,PolypDB
PolypDB_NBI,ab5d638f-10ac-40f8-98f1-4c374b55d9b9,0.004975467920303345,PolypDB
PolypDB_NBI,ckcbpttsk024l0y4h6d443eg5,0.012492034584283829,PolypDB
PolypDB_NBI,0c6d68cb-58b9-41e4-aa9d-b3ed0d73ac8c,0.015416324138641357,PolypDB
PolypDB_NBI,8678b979-309c-4fee-b072-aebd0ad4754b,0.02024160698056221,PolypDB
PolypDB_NBI,25e89b9e-c8ec-4d80-b3ba-2c712a838d9d,0.003811124712228775,PolypDB
PolypDB_NBI,a83b7e0b-02c9-4d47-9094-5f8572283d80,0.007308600470423698,PolypDB
PolypDB_NBI,80944972-7813-4b6b-b109-c97adf742d94,0.02243289351463318,PolypDB
PolypDB_NBI,b521dd5f-0f41-4b3f-99f8-f49523669edc,0.019945625215768814,PolypDB
PolypDB_NBI,c80a6c42-eb38-420c-b7ee-ea03669fed80,0.012161904945969582,PolypDB
PolypDB_NBI,0b1fd77b-0be4-453d-9b67-9fda4eab4c65,0.00948568806052208,PolypDB
PolypDB_NBI,03f675b5-ffd2-4356-b9c0-7c7d299595e4,-0.003140721470117569,PolypDB
PolypDB_NBI,1acc9583-e90b-4370-94f4-19522e6c2290,0.006635315716266632,PolypDB
PolypDB_NBI,d105a3b0-7c6f-489a-9045-940e20fff856,0.0363779179751873,PolypDB
PolypDB_NBI,d8179422-c43f-40b8-afcf-4a978c59e700,0.036701884120702744,PolypDB
PolypDB_NBI,100H0009,0.0038986429572105408,PolypDB
PolypDB_NBI,0c39faa5-df3d-4b5f-8ee2-6141ac946a31,0.011753035709261894,PolypDB
PolypDB_NBI,e91d4435-5b34-4b71-9d49-5fd6b0cede26,0.009041473269462585,PolypDB
PolypDB_NBI,983910b8-9029-4500-97ef-c2f113e86422,0.033474698662757874,PolypDB
PolypDB_NBI,869baa38-f6e7-42e5-9863-39c96e493a73,0.0051457323133945465,PolypDB
PolypDB_NBI,6f0a67d9-68be-4391-bb69-974480eb7e9e,0.03600326366722584,PolypDB
PolypDB_NBI,e6f210df-bd52-476d-a93c-e626fc44571c,0.0030880048871040344,PolypDB
PolypDB_NBI,e68df482-2a2d-4c39-b3ec-3064b2176e1a,0.0037107467651367188,PolypDB
PolypDB_NBI,c1992734-c27c-4b16-9942-a98ab732cf1e,0.005114749073982239,PolypDB
PolypDB_NBI,010f72b7-a411-4974-b862-9dacdb6cb6fb,0.008690871298313141,PolypDB
PolypDB_NBI,cd0d210d-d526-4f14-9071-3de41167f97d,0.006805881857872009,PolypDB
PolypDB_NBI,e381feda-2d87-4465-9ea4-1d290565ac3b,0.02367410995066166,PolypDB
PolypDB_NBI,1cfce3d2-4656-4dfa-8855-b4de556d0361,0.006886433809995651,PolypDB
PolypDB_NBI,4b60ac88-5736-4d5d-8901-cfcd7aaf180b,0.0032193511724472046,PolypDB
PolypDB_NBI,b7b180d0-6d6a-46d8-b1da-acbf1da8b619,0.023878859356045723,PolypDB
PolypDB_NBI,14b106e8-f6bb-4493-ae59-81c0d4cd0d9e,0.00987314060330391,PolypDB
PolypDB_NBI,1a2ced53-bc73-4cca-a0be-050858ed6bb5,0.010421296581625938,PolypDB
PolypDB_NBI,100H0097 (NBI),0.0019661542028188705,PolypDB
PolypDB_NBI,9241eadd-fa33-45b7-9b91-4579526ad88e,-0.0020298846065998077,PolypDB
PolypDB_NBI,88281c90-4248-4754-b03d-53530cbfe4e4,-0.0012075677514076233,PolypDB
PolypDB_NBI,5bba3941-90fc-4b8c-b698-8e5cf1a69548,0.037703635171055794,PolypDB
PolypDB_NBI,100H0004,4.5999884605407715e-05,PolypDB
PolypDB_NBI,af4273cd-cb95-4169-bad0-04870b78f6b1,-0.003045935183763504,PolypDB
PolypDB_NBI,4a396d53-b21c-4347-b615-c4ac5e00f733,-0.0021462440490722656,PolypDB
PolypDB_NBI,77c5b97f-2e05-4dc6-aee4-fdd483a408eb,0.0108567476272583,PolypDB
PolypDB_NBI,9926df34-c381-4fb0-b7d0-19ba13d2172e,0.009865222498774529,PolypDB
PolypDB_NBI,100H0090 (NBI),0.013840116560459137,PolypDB
PolypDB_NBI,842bd200-5200-4ee5-9315-e0a9ca9949e0,0.008788906037807465,PolypDB
PolypDB_NBI,93864fde-b0c8-4069-a099-5995f728eff2,0.004630738869309425,PolypDB
PolypDB_NBI,be9e77d1-c8af-4b4f-ab04-1446034e89d8,0.01547136902809143,PolypDB
PolypDB_NBI,63d329d8-f62b-49c2-89dc-8679957f3d06,0.0065882764756679535,PolypDB
PolypDB_NBI,c560fc6a-8801-4b1a-8601-97c1ef3e017a,0.008074767887592316,PolypDB
PolypDB_NBI,ef255a03-6073-490a-90f6-2012fb854d33,0.05441610515117645,PolypDB
PolypDB_NBI,2a299bb4-d1d2-43bd-9dab-d9056639958a,0.014342918992042542,PolypDB
PolypDB_NBI,9beceb0f-67a2-406a-a4dd-17709c6db742,0.004804079420864582,PolypDB
PolypDB_NBI,ab171157-2547-4f03-8a38-c2e08f27c73f,0.0023110881447792053,PolypDB
PolypDB_NBI,7f4def9b-6f67-4482-ae55-d4a1dea2503c,0.004787156358361244,PolypDB
PolypDB_NBI,8bba2bff-ad66-4c62-83d8-61446b55cb52,0.0058144982904195786,PolypDB
PolypDB_NBI,8d009acb-3b0e-4fe6-bcf3-76f610c7cf59,0.0018559377640485764,PolypDB
PolypDB_NBI,76144e5b-6e52-493f-825e-e2c551914a21,0.012771405279636383,PolypDB
PolypDB_NBI,0536c7fb-1aed-4dae-8f0e-e368ed4354bc,0.015873946249485016,PolypDB
PolypDB_NBI,dd3b237b-e6af-4efd-9ca8-4d408a2affb4,0.01893596164882183,PolypDB
PolypDB_NBI,a99381d2-67be-46b4-8951-4754d82934f6,0.03204710595309734,PolypDB
PolypDB_NBI,6a4b75eb-bcb5-4082-8baa-3794deef2a75,0.007232729345560074,PolypDB
PolypDB_NBI,32362f3a-6408-4b7d-b9cf-810f8ce133b3,0.002042628824710846,PolypDB
PolypDB_NBI,8e6a43ed-48e4-4542-b3ac-e6ace289b58f,0.0024121180176734924,PolypDB
PolypDB_WLI,e8605478-87c9-42d2-91bd-450f5aac583d,0.002626238390803337,PolypDB
PolypDB_WLI,acf6a8b6-eaf6-4dfc-ae00-c00dca839ac0,0.018283444456756115,PolypDB
PolypDB_WLI,HMUH_08 200822_200818_BN054_001,0.03735576942563057,PolypDB
PolypDB_WLI,0bb3109e-c94e-4314-9154-450c0754dedd,0.011236604303121567,PolypDB
PolypDB_WLI,fd6ac121-04b6-4336-8a92-70f97c893696,0.003236886113882065,PolypDB
PolypDB_WLI,0635b112-2c2a-4a6c-b430-68cd8b66ddd7,0.009863408282399178,PolypDB
PolypDB_WLI,8c821725-bccd-4c0e-89cb-2f59ce70bd78,0.009623430669307709,PolypDB
PolypDB_WLI,01e16988-9c35-473e-912c-ad3897fb4c9a,0.004941605031490326,PolypDB
PolypDB_WLI,8fe66972-3d3f-4aa4-9b54-fd48cb15cf71,0.012487884610891342,PolypDB
PolypDB_WLI,HMUH_06 200731_200717_BN009_006,0.021126121282577515,PolypDB
PolypDB_WLI,7d047c7e-394b-4d55-b0cd-a597b7af6ccb,0.0074743181467056274,PolypDB
PolypDB_WLI,HMUH_09 200908_200828_BN047_008,0.01480407826602459,PolypDB
PolypDB_WLI,7d05ba81-7d0f-4317-a7f1-0cdbefaf84c6,0.0069853924214839935,PolypDB
PolypDB_WLI,HMUH_06 200731_200720_BN033_001,0.022960800677537918,PolypDB
PolypDB_WLI,8b113434-8641-400d-9bcf-19742e2d6f2f,0.008664965629577637,PolypDB
PolypDB_WLI,d4121a79-8ea5-410f-b6f1-aa6223f2f068,0.0011412687599658966,PolypDB
PolypDB_WLI,8ef89782-ba0a-4a07-ac1c-d38185f1ed09,0.02068285644054413,PolypDB
PolypDB_WLI,b891e9ba-209f-45bd-9a33-3374db60512a,0.030081670731306076,PolypDB
PolypDB_WLI,080a45fa-c8b7-45be-a434-8d940ffdd4b3,0.022901827469468117,PolypDB
PolypDB_WLI,8424d0f0-782f-4a12-9d2e-bb2f7ed7d131,0.013138953596353531,PolypDB
PolypDB_WLI,355612fb-98bc-494b-a7b9-6056243e620f,0.0011015888303518295,PolypDB
PolypDB_WLI,HMUH_07 200808_200804_BN028_004,0.005349559709429741,PolypDB
PolypDB_WLI,HMUH_09 200908_200831_BN053_003,0.004094168543815613,PolypDB
PolypDB_WLI,f0df75d5-4c63-4b0c-975a-76b98bc35d08,-0.000864025205373764,PolypDB
PolypDB_WLI,HMUH_09 200908_200828_BN043_007,0.055932365357875824,PolypDB
PolypDB_WLI,f594b3a5-c4ef-4628-8dd9-ef59c5ffc005,0.012750286608934402,PolypDB
PolypDB_WLI,HMUH_06 200731_200716_BN005_003,0.007265517488121986,PolypDB
PolypDB_WLI,56f21c12-979e-4004-82af-c63084f78066,0.017772845923900604,PolypDB
PolypDB_WLI,8f5135a4-221b-4764-a5db-f837f1fe06d8,0.018304765224456787,PolypDB
PolypDB_WLI,HMUH_06 200731_200723_BN054_005,0.016701258718967438,PolypDB
PolypDB_WLI,HMUH_08 200822_200817_BN046_002,0.01245037280023098,PolypDB
PolypDB_WLI,ed53d9fc-c29d-446e-bb0c-08bce931342a,0.019958913326263428,PolypDB
PolypDB_WLI,6cfb2ae2-0d49-461c-905b-08c6222dbde0,0.09831593744456768,PolypDB
PolypDB_WLI,1f55defd-96ea-4356-abf1-92e849e5dd5a,0.0076416777446866035,PolypDB
PolypDB_WLI,c0c3ac54-7d3d-444c-9eea-60b887201ee9,0.03933572396636009,PolypDB
PolypDB_WLI,1,0.0392979271709919,PolypDB
PolypDB_WLI,100H0046,0.002999506890773773,PolypDB
PolypDB_WLI,61acb341-70f9-4dc0-903b-c11892501914,0.01615213230252266,PolypDB
PolypDB_WLI,e7485b15-f0df-4b26-b0ac-7588a3cae536,0.009170293807983398,PolypDB
PolypDB_WLI,HMUH_07 200808_200804_BN029_006,0.01787821389734745,PolypDB
PolypDB_WLI,06dc5789-ce01-45f2-b55c-313a39651449,0.009261508472263813,PolypDB
PolypDB_WLI,8731c344-1396-49e3-be62-e2b321aaa754,0.0033863065764307976,PolypDB
PolypDB_WLI,963aee8e-1fba-4ce1-b927-683820e78854,0.005532531999051571,PolypDB
PolypDB_WLI,cab69f92-fed6-4ef3-b23d-e1229bfde98a,0.03271254524588585,PolypDB
PolypDB_WLI,47844f79-22d7-4535-9a34-ab281612d869,0.010015711188316345,PolypDB
PolypDB_WLI,8ab6322c-c23e-4565-92cf-e721962a8781,0.01490335538983345,PolypDB
PolypDB_WLI,HMUH_08 200822_200810_BN009_003,0.003931988030672073,PolypDB
PolypDB_WLI,HMUH_06 200731_200717_BN012_001,0.019617291167378426,PolypDB
PolypDB_WLI,fdb0ba66-c727-47b5-a900-5778cdd57b9b,0.028698600828647614,PolypDB
PolypDB_WLI,98f09d60-c706-401f-9e92-d0e85e661760,0.00800144113600254,PolypDB
PolypDB_WLI,be8706e9-8eea-4eba-a9b6-77c73c47dfad,0.009491882286965847,PolypDB
PolypDB_WLI,HMUH_06 200731_200724_BN062_005,0.04726376011967659,PolypDB
PolypDB_WLI,ff2da7c0-8815-4e52-a7b4-bbb9c770b5bc,0.0018613189458847046,PolypDB
PolypDB_WLI,bde107b6-66a7-4197-a9c7-fab32291e8f3,0.015415646135807037,PolypDB
PolypDB_WLI,183d922c-ca35-46f0-b329-0fc89c468ccd,0.005944916978478432,PolypDB
PolypDB_WLI,2ba169c9-c390-4837-98db-7445b4a49d09,0.0095012616366148,PolypDB
PolypDB_WLI,6e0b132b-c5d8-40cc-88c3-8383e6e0e4a3,0.0015472229570150375,PolypDB
PolypDB_WLI,6e543c23-3638-412f-8b0a-1e3a90bbb6f0,0.04935244657099247,PolypDB
PolypDB_WLI,100H0040,0.0008019842207431793,PolypDB
PolypDB_WLI,0c449477-fc39-45cc-924c-4f81a1676fbd,0.018984489142894745,PolypDB
PolypDB_WLI,1d754078-52b0-4ab4-b582-8e9764adac24,0.021992032416164875,PolypDB
PolypDB_WLI,0ac4f543-8c05-47e3-b2fd-cf514362f8a0,0.012571059167385101,PolypDB
PolypDB_WLI,0e328d3a-f844-49ae-a6a7-df47f3441427,0.06908044312149286,PolypDB
PolypDB_WLI,0358c41c-21ef-441c-9265-524677d712fc,0.0027746446430683136,PolypDB
PolypDB_WLI,3aeab757-d5bf-47cd-94ad-7b28c8c2e6a2,0.015771828591823578,PolypDB
PolypDB_WLI,ce4e05a0-6565-401f-ae13-7ce76aa6a529,0.006917987018823624,PolypDB
PolypDB_WLI,HMUH_06 200731_200720_BN022_001,0.03340926207602024,PolypDB
PolypDB_WLI,HMUH_09 200908_200831_BN053_001,0.02702968381345272,PolypDB
PolypDB_WLI,61f754f4-96f5-4ea1-a2c6-c120f0e6545e,0.01665988191962242,PolypDB
PolypDB_WLI,e6553b76-fd9c-45a4-8aeb-8d7948a88aa3,0.005941634066402912,PolypDB
PolypDB_WLI,36ccf00b-674d-42c4-84dd-532d989f4666,-0.001278262585401535,PolypDB
PolypDB_WLI,d52e0e1a-a72e-45b7-b429-ee97a6bf542f,0.0016196779906749725,PolypDB
PolypDB_WLI,6b91142e-3864-431e-925c-704351b42816,0.024529609829187393,PolypDB
PolypDB_WLI,HMUH_09 200908_200820_BN011_002,0.028817176818847656,PolypDB
PolypDB_WLI,818fcba9-3ded-4299-a542-3e9a6da17874,0.008081991225481033,PolypDB
PolypDB_WLI,5790fce4-92f1-4fce-9516-3d7c283c2f12,0.014202216640114784,PolypDB
PolypDB_WLI,557490b6-3e20-4b7e-8cfc-98a2b42e2a18,0.026595238596200943,PolypDB
PolypDB_WLI,ef8d5827-b524-4815-93bc-e13ff3deac35,0.07555203419178724,PolypDB
PolypDB_WLI,69a979db-1fe9-4e4b-b8ba-57aeeaa4c6e0,0.007795173674821854,PolypDB
PolypDB_WLI,e73e4408-f8f9-426e-ba32-0d95541c19b7,0.01972159929573536,PolypDB
PolypGen_C1,718OLCV1_100H0002,0.0009299572557210922,PolypGen
PolypGen_C1,106OLCV1_100H0014,0.0037393588572740555,PolypGen
PolypGen_C1,231OLCV1_100H0010,0.0019350945949554443,PolypGen
PolypGen_C1,590OLCV1_100H0008,0.0041068727150559425,PolypGen
PolypGen_C1,356OLCV1_100S0007,0.00745236873626709,PolypGen
PolypGen_C1,510OLCV1_100H0008,0.0062863994389772415,PolypGen
PolypGen_C1,887OLCV1_100H0002,-0.0006644446402788162,PolypGen
PolypGen_C1,459OLCV1_100H0016,0.011802494525909424,PolypGen
PolypGen_C1,124OLCV1_100H0004,-0.0010569682344794273,PolypGen
PolypGen_C1,171OLCV1_100H0003,0.000524863600730896,PolypGen
PolypGen_C1,497OLCV1_100H0004,0.0017772102728486061,PolypGen
PolypGen_C1,673OLCV1_100H0010,0.014157300814986229,PolypGen
PolypGen_C1,729OLCV1_100H0002,0.01013435609638691,PolypGen
PolypGen_C1,651OLCV1_100H0010,0.002696809358894825,PolypGen
PolypGen_C1,409OLCV1_100H0010,0.004165680147707462,PolypGen
PolypGen_C1,195OLCV1_100H0002,0.008746962994337082,PolypGen
PolypGen_C1,556OLCV1_100H0004,-0.002446097321808338,PolypGen
PolypGen_C1,134OLCV1_100H0010,0.01258276216685772,PolypGen
PolypGen_C1,290OLCV1_100H0040,0.0269935205578804,PolypGen
PolypGen_C1,155OLCV1_100H0032,0.009955821558833122,PolypGen
PolypGen_C1,732OLCV1_100H0036,0.0011749844998121262,PolypGen
PolypGen_C1,144OLCV1_100H0024,0.005540713667869568,PolypGen
PolypGen_C1,366OLCV1_100H0016,0.004659680649638176,PolypGen
PolypGen_C1,427OLCV1_100H0022,0.005040036514401436,PolypGen
PolypGen_C1,175OLCV1_100H0011,0.009681034833192825,PolypGen
PolypGen_C1,372OLCV1_100H0016,0.011217638850212097,PolypGen
PolypGen_C1,963OLCV1_100H0006,0.012014757841825485,PolypGen
PolypGen_C1,597OLCV1_100H0032,0.0003929026424884796,PolypGen
PolypGen_C1,125OLCV1_100H0003,0.01231871172785759,PolypGen
PolypGen_C1,459OLCV1_100H0006,0.009673943743109703,PolypGen
PolypGen_C1,510OLCV1_100H0006,-0.0025224126875400543,PolypGen
PolypGen_C1,291OLCV1_100H0012,-0.003597049042582512,PolypGen
PolypGen_C1,422OLCV1_100H0002,0.0016367174685001373,PolypGen
PolypGen_C1,524OLCV1_100H0002,0.03888699784874916,PolypGen
PolypGen_C1,673OLCV1_100H0028,0.005172455683350563,PolypGen
PolypGen_C1,156OLCV1_100H0002,0.00025320984423160553,PolypGen
PolypGen_C1,253OLCV1_100H0004,0.007129743695259094,PolypGen
PolypGen_C1,144OLCV1_100H0022,0.0018649715930223465,PolypGen
PolypGen_C1,208OLCV1_100H0002,0.027584753930568695,PolypGen
PolypGen_C1,413OLCV1_100S0019,0.006873339414596558,PolypGen
PolypGen_C1,554OLCV1_100H0002,0.0008697826415300369,PolypGen
PolypGen_C1,491OLCV1_100H0004,0.0014629624783992767,PolypGen
PolypGen_C1,848OLCV1_100H0002,0.000661349855363369,PolypGen
PolypGen_C1,500OLCV1_100H0008,0.001081717200577259,PolypGen
PolypGen_C1,176OLCV1_100H0738,0.020697755739092827,PolypGen
PolypGen_C1,192OLCV1_100H0002,0.001004660502076149,PolypGen
PolypGen_C1,136OLCV1_100S0005,0.00519697368144989,PolypGen
PolypGen_C1,192OLCV1_100H0004,-0.0008825585246086121,PolypGen
PolypGen_C1,642OLCV1_100H0012,0.004919334314763546,PolypGen
PolypGen_C1,556OLCV1_100H0014,0.006609730422496796,PolypGen
PolypGen_C1,492OLCV1_100H0012,0.0014033820480108261,PolypGen
PolypGen_C1,176OLCV1_100H0160,0.002730008214712143,PolypGen
PolypGen_C1,419OLCV1_100H0014,0.0018963813781738281,PolypGen
PolypGen_C1,241OLCV1_100H0002,-0.00628921203315258,PolypGen
PolypGen_C1,177OLCV1_100H0038,0.004217386245727539,PolypGen
PolypGen_C1,667OLCV1_100H0022,0.006499163806438446,PolypGen
PolypGen_C1,313OLCV1_100H0032,0.000845886766910553,PolypGen
PolypGen_C1,417OLCV1_100H0004,0.0028113238513469696,PolypGen
PolypGen_C1,375OLCV1_100H0010,0.0018593687564134598,PolypGen
PolypGen_C1,186OLCV1_100H0045,-0.0027585458010435104,PolypGen
PolypGen_C1,296OLCV1_100H0004,0.009314080700278282,PolypGen
PolypGen_C1,475OLCV1_100H0008,0.001432802528142929,PolypGen
PolypGen_C1,906OLCV1_100H0008,0.003922361880540848,PolypGen
PolypGen_C1,375OLCV1_100H0008,0.0013796128332614899,PolypGen
PolypGen_C1,688OLCV1_100H0008,-0.0007067788392305374,PolypGen
PolypGen_C1,419OLCV1_100H0016,-0.000546041876077652,PolypGen
PolypGen_C1,331OLCV1_100H0004,-0.0023793261498212814,PolypGen
PolypGen_C1,492OLCV1_100H0016,0.0013124719262123108,PolypGen
PolypGen_C1,205OLCV1_100H0004,0.00784823764115572,PolypGen
PolypGen_C1,350OLCV1_100H0002,0.01050216518342495,PolypGen
PolypGen_C1,439OLCV1_100H0008,-0.0019594505429267883,PolypGen
PolypGen_C1,195OLCV1_100H0012,-0.0017486773431301117,PolypGen
PolypGen_C1,417OLCV1_100H0008,0.000596189871430397,PolypGen
PolypGen_C1,333OLCV1_100H0006,-0.0015470311045646667,PolypGen
PolypGen_C1,350OLCV1_100H0004,0.007960094138979912,PolypGen
PolypGen_C1,906OLCV1_100H0010,0.007697371765971184,PolypGen
PolypGen_C1,342OLCV1_100H0004,0.01036316528916359,PolypGen
PolypGen_C1,896OLCV1_100H0044,0.002119792625308037,PolypGen
PolypGen_C1,276OLCV1_100H0004,0.004927347414195538,PolypGen
PolypGen_C1,171OLCV1_100H0002,0.004178057424724102,PolypGen
PolypGen_C2,EndoCV2021_001279,0.006968680769205093,PolypGen
PolypGen_C2,EndoCV2021_001418,0.004618341568857431,PolypGen
PolypGen_C2,EndoCV2021_001342,0.004130225628614426,PolypGen
PolypGen_C2,EndoCV2021_001311,0.003607366234064102,PolypGen
PolypGen_C2,EndoCV2021_001094,0.002237754873931408,PolypGen
PolypGen_C2,EndoCV2021_001010,0.02529909461736679,PolypGen
PolypGen_C2,EndoCV2021_001185,0.008274689316749573,PolypGen
PolypGen_C2,EndoCV2021_001247,0.006229018792510033,PolypGen
PolypGen_C2,EndoCV2021_001259,0.008558459114283323,PolypGen
PolypGen_C2,EndoCV2021_001045,0.008560352958738804,PolypGen
PolypGen_C2,EndoCV2021_001005,0.012090284377336502,PolypGen
PolypGen_C2,EndoCV2021_001183,0.009878799319267273,PolypGen
PolypGen_C2,EndoCV2021_001063,0.015296531841158867,PolypGen
PolypGen_C2,EndoCV2021_001271,0.007844523526728153,PolypGen
PolypGen_C2,EndoCV2021_001344,0.0018380889669060707,PolypGen
PolypGen_C2,EndoCV2021_001064,-0.0006711967289447784,PolypGen
PolypGen_C2,EndoCV2021_001194,0.002607296220958233,PolypGen
PolypGen_C2,EndoCV2021_001150,0.0,PolypGen
PolypGen_C2,EndoCV2021_001251,0.007238318212330341,PolypGen
PolypGen_C2,EndoCV2021_001157,-0.0008077891543507576,PolypGen
PolypGen_C2,EndoCV2021_001266,0.0045359451323747635,PolypGen
PolypGen_C2,EndoCV2021_001388,0.0012854542583227158,PolypGen
PolypGen_C2,EndoCV2021_001355,-0.0008313115686178207,PolypGen
PolypGen_C2,EndoCV2021_001035,0.0,PolypGen
PolypGen_C2,EndoCV2021_001232,0.001487772911787033,PolypGen
PolypGen_C2,EndoCV2021_001361,0.011093027889728546,PolypGen
PolypGen_C2,EndoCV2021_001369,-0.001903916709125042,PolypGen
PolypGen_C2,EndoCV2021_001117,0.005192716605961323,PolypGen
PolypGen_C2,EndoCV2021_001166,-0.01965823397040367,PolypGen
PolypGen_C2,EndoCV2021_001165,0.0,PolypGen
PolypGen_C2,EndoCV2021_001217,0.0,PolypGen
PolypGen_C2,EndoCV2021_001408,0.007400159258395433,PolypGen
PolypGen_C2,EndoCV2021_001257,0.0024676485918462276,PolypGen
PolypGen_C2,EndoCV2021_001059,0.002605483867228031,PolypGen
PolypGen_C2,EndoCV2021_001025,0.017906813882291317,PolypGen
PolypGen_C2,EndoCV2021_001387,0.002309652976691723,PolypGen
PolypGen_C2,EndoCV2021_001121,0.008983769454061985,PolypGen
PolypGen_C2,EndoCV2021_001138,0.009223523549735546,PolypGen
PolypGen_C2,EndoCV2021_001034,0.004586054943501949,PolypGen
PolypGen_C2,EndoCV2021_001090,0.0006989524699747562,PolypGen
PolypGen_C2,EndoCV2021_001140,0.0015959395095705986,PolypGen
PolypGen_C2,EndoCV2021_001122,0.0,PolypGen
PolypGen_C2,EndoCV2021_001419,0.004232911393046379,PolypGen
PolypGen_C2,EndoCV2021_001263,0.0010041752830147743,PolypGen
PolypGen_C2,EndoCV2021_001008,0.00969059020280838,PolypGen
PolypGen_C2,EndoCV2021_001221,0.009688612073659897,PolypGen
PolypGen_C2,EndoCV2021_001404,-0.0015496332198381424,PolypGen
PolypGen_C2,EndoCV2021_001123,0.018157120794057846,PolypGen
PolypGen_C2,EndoCV2021_001363,0.012453434057533741,PolypGen
PolypGen_C2,EndoCV2021_001343,0.0021477630361914635,PolypGen
PolypGen_C2,EndoCV2021_001337,0.011537821963429451,PolypGen
PolypGen_C2,EndoCV2021_001161,0.0,PolypGen
PolypGen_C2,EndoCV2021_001099,0.0009623877704143524,PolypGen
PolypGen_C2,EndoCV2021_001128,0.0,PolypGen
PolypGen_C2,EndoCV2021_001336,0.01954482775181532,PolypGen
PolypGen_C2,EndoCV2021_001397,0.0075298091396689415,PolypGen
PolypGen_C2,EndoCV2021_001348,-0.0021994449198246002,PolypGen
PolypGen_C2,EndoCV2021_001427,0.009468096308410168,PolypGen
PolypGen_C2,EndoCV2021_001407,-0.0006592553108930588,PolypGen
PolypGen_C2,EndoCV2021_001414,0.006451558321714401,PolypGen
PolypGen_C2,EndoCV2021_001284,0.007067939266562462,PolypGen
PolypGen_C2,EndoCV2021_001286,0.013403736054897308,PolypGen
PolypGen_C2,EndoCV2021_001209,0.0016424953937530518,PolypGen
PolypGen_C2,EndoCV2021_001306,0.00048652663826942444,PolypGen
PolypGen_C2,EndoCV2021_001119,2.0118895918130875e-05,PolypGen
PolypGen_C2,EndoCV2021_001173,0.00022785784676671028,PolypGen
PolypGen_C2,EndoCV2021_001093,0.0,PolypGen
PolypGen_C2,EndoCV2021_001141,0.0,PolypGen
PolypGen_C2,EndoCV2021_001007,0.008817356079816818,PolypGen
PolypGen_C2,EndoCV2021_001274,0.0012924671173095703,PolypGen
PolypGen_C2,EndoCV2021_001042,0.003451084718108177,PolypGen
PolypGen_C2,EndoCV2021_001032,0.005159849300980568,PolypGen
PolypGen_C2,EndoCV2021_001415,0.012527592480182648,PolypGen
PolypGen_C2,EndoCV2021_001087,0.0,PolypGen
PolypGen_C2,EndoCV2021_001354,0.004246698692440987,PolypGen
PolypGen_C2,EndoCV2021_001177,0.0,PolypGen
PolypGen_C2,EndoCV2021_001202,0.0015590256080031395,PolypGen
PolypGen_C2,EndoCV2021_001346,0.0036690346896648407,PolypGen
PolypGen_C2,EndoCV2021_001307,0.004494985565543175,PolypGen
PolypGen_C2,EndoCV2021_001402,0.032736700028181076,PolypGen
PolypGen_C3,C3_EndoCV2021_00466,0.014049112796783447,PolypGen
PolypGen_C3,C3_EndoCV2021_00136,0.00069480761885643,PolypGen
PolypGen_C3,C3_EndoCV2021_00431,0.007594476453959942,PolypGen
PolypGen_C3,C3_EndoCV2021_00308,0.0010764067992568016,PolypGen
PolypGen_C3,C3_EndoCV2021_00250,0.0082282405346632,PolypGen
PolypGen_C3,C3_EndoCV2021_00291,0.010818440467119217,PolypGen
PolypGen_C3,C3_EndoCV2021_00267,0.002221164293587208,PolypGen
PolypGen_C3,C3_EndoCV2021_002,0.0012584263458848,PolypGen
PolypGen_C3,C3_EndoCV2021_00498,0.004650344140827656,PolypGen
PolypGen_C3,C3_EndoCV2021_00127,0.010405750013887882,PolypGen
PolypGen_C3,C3_EndoCV2021_00166,0.0012316037900745869,PolypGen
PolypGen_C3,C3_EndoCV2021_00263,0.0006487024948000908,PolypGen
PolypGen_C3,C3_EndoCV2021_00236,9.829550981521606e-05,PolypGen
PolypGen_C3,C3_EndoCV2021_00448,-0.00020766304805874825,PolypGen
PolypGen_C3,C3_EndoCV2021_00477,-0.00034869182854890823,PolypGen
PolypGen_C3,C3_EndoCV2021_00150,-0.001650739461183548,PolypGen
PolypGen_C3,C3_EndoCV2021_0039,0.0503852404654026,PolypGen
PolypGen_C3,C3_EndoCV2021_00380,-0.06126130744814873,PolypGen
PolypGen_C3,C3_EndoCV2021_0087,-0.005013415589928627,PolypGen
PolypGen_C3,C3_EndoCV2021_00180,0.0010402612388134003,PolypGen
PolypGen_C3,C3_EndoCV2021_00175,0.0024518081918358803,PolypGen
PolypGen_C3,C3_EndoCV2021_00229,0.008960678242146969,PolypGen
PolypGen_C3,C3_EndoCV2021_00316,0.008871261030435562,PolypGen
PolypGen_C3,C3_EndoCV2021_00215,0.0006185118108987808,PolypGen
PolypGen_C3,C3_EndoCV2021_0031,0.0011969003826379776,PolypGen
PolypGen_C3,C3_EndoCV2021_008,0.016441868618130684,PolypGen
PolypGen_C3,C3_EndoCV2021_00177,-0.0015478581190109253,PolypGen
PolypGen_C3,C3_EndoCV2021_0089,0.026692643761634827,PolypGen
PolypGen_C3,C3_EndoCV2021_00107,0.0015523671172559261,PolypGen
PolypGen_C3,C3_EndoCV2021_00372,0.008342520333826542,PolypGen
PolypGen_C3,C3_EndoCV2021_0048,0.0006405171006917953,PolypGen
PolypGen_C3,C3_EndoCV2021_00337,0.001288349274545908,PolypGen
PolypGen_C3,C3_EndoCV2021_0063,0.006686744280159473,PolypGen
PolypGen_C3,C3_EndoCV2021_00211,-0.0017220154404640198,PolypGen
PolypGen_C3,C3_EndoCV2021_0094,0.005638758651912212,PolypGen
PolypGen_C3,C3_EndoCV2021_00170,0.001628674566745758,PolypGen
PolypGen_C3,C3_EndoCV2021_00378,0.002146526239812374,PolypGen
PolypGen_C3,C3_EndoCV2021_00414,0.009633699432015419,PolypGen
PolypGen_C3,C3_EndoCV2021_00221,0.004597191698849201,PolypGen
PolypGen_C3,C3_EndoCV2021_00176,0.0030590305104851723,PolypGen
PolypGen_C3,C3_EndoCV2021_00467,-0.003180483356118202,PolypGen
PolypGen_C3,C3_EndoCV2021_00189,0.003481772728264332,PolypGen
PolypGen_C3,C3_EndoCV2021_00279,0.003537490963935852,PolypGen
PolypGen_C3,C3_EndoCV2021_00167,0.005481166765093803,PolypGen
PolypGen_C3,C3_EndoCV2021_00248,-0.0002567647024989128,PolypGen
PolypGen_C3,C3_EndoCV2021_00169,0.0003439858555793762,PolypGen
PolypGen_C3,C3_EndoCV2021_00164,0.0019968138076364994,PolypGen
PolypGen_C3,C3_EndoCV2021_00325,0.00867864303290844,PolypGen
PolypGen_C3,C3_EndoCV2021_0077,-0.002241276204586029,PolypGen
PolypGen_C3,C3_EndoCV2021_00392,0.010901357978582382,PolypGen
PolypGen_C3,C3_EndoCV2021_0035,0.014126554131507874,PolypGen
PolypGen_C3,C3_EndoCV2021_00130,0.017682883888483047,PolypGen
PolypGen_C3,C3_EndoCV2021_00335,0.002893778495490551,PolypGen
PolypGen_C3,C3_EndoCV2021_0041,0.018260180950164795,PolypGen
PolypGen_C3,C3_EndoCV2021_0050,0.0009593721479177475,PolypGen
PolypGen_C3,C3_EndoCV2021_0070,0.010051675140857697,PolypGen
PolypGen_C3,C3_EndoCV2021_00109,0.004072775132954121,PolypGen
PolypGen_C3,C3_EndoCV2021_00496,0.003336925059556961,PolypGen
PolypGen_C3,C3_EndoCV2021_00112,0.006359482184052467,PolypGen
PolypGen_C3,C3_EndoCV2021_0086,0.002407028339803219,PolypGen
PolypGen_C3,C3_EndoCV2021_00407,-0.0020517250522971153,PolypGen
PolypGen_C3,C3_EndoCV2021_001,0.0021088402718305588,PolypGen
PolypGen_C3,C3_EndoCV2021_00116,0.004121428355574608,PolypGen
PolypGen_C3,C3_EndoCV2021_0076,0.05048740096390247,PolypGen
PolypGen_C3,C3_EndoCV2021_00397,0.001483212225139141,PolypGen
PolypGen_C3,C3_EndoCV2021_00151,0.015093673020601273,PolypGen
PolypGen_C3,C3_EndoCV2021_00285,-0.0024644536897540092,PolypGen
PolypGen_C3,C3_EndoCV2021_00487,0.007970676757395267,PolypGen
PolypGen_C3,C3_EndoCV2021_00396,0.0002515483647584915,PolypGen
PolypGen_C3,C3_EndoCV2021_0030,-0.005780249834060669,PolypGen
PolypGen_C3,C3_EndoCV2021_00399,0.007042143028229475,PolypGen
PolypGen_C3,C3_EndoCV2021_00499,0.009964069351553917,PolypGen
PolypGen_C3,C3_EndoCV2021_00121,0.003384135663509369,PolypGen
PolypGen_C3,C3_EndoCV2021_00460,0.03876529075205326,PolypGen
PolypGen_C3,C3_EndoCV2021_00295,0.004406273365020752,PolypGen
PolypGen_C3,C3_EndoCV2021_0051,0.008098405785858631,PolypGen
PolypGen_C3,C3_EndoCV2021_00139,0.0009145485237240791,PolypGen
PolypGen_C3,C3_EndoCV2021_00274,0.003811502829194069,PolypGen
PolypGen_C3,C3_EndoCV2021_009,0.012164577841758728,PolypGen
PolypGen_C3,C3_EndoCV2021_00214,0.0026162974536418915,PolypGen
PolypGen_C4,11_endocv2021_positive_1475,0.0,PolypGen
PolypGen_C4,25_endocv2021_positive_3,0.0,PolypGen
PolypGen_C4,11_endocv2021_positive_948,-0.011824563145637512,PolypGen
PolypGen_C4,23_endocv2021_positive_370,0.0,PolypGen
PolypGen_C4,27_endocv2021_positive_27,0.0,PolypGen
PolypGen_C4,19_endocv2021_positive_1222,0.007214270532131195,PolypGen
PolypGen_C4,23_endocv2021_positive_417,-0.06526759266853333,PolypGen
PolypGen_C4,21_endocv2021_positive_1129,0.0,PolypGen
PolypGen_C4,14_endocv2021_positive_864,0.0,PolypGen
PolypGen_C4,12_endocv2021_positive_768,0.0032429462298750877,PolypGen
PolypGen_C4,22_endocv2021_positive_1165,0.004597334191203117,PolypGen
PolypGen_C4,30_endocv2021_positive_614,0.0,PolypGen
PolypGen_C4,5_endocv2021_positive_1114,0.0,PolypGen
PolypGen_C4,12_endocv2021_positive_25,0.0,PolypGen
PolypGen_C4,13_endocv2021_positive_550,-0.0002806149423122406,PolypGen
PolypGen_C4,23_endocv2021_positive_1169,0.0008474951609969139,PolypGen
PolypGen_C4,31_endocv2021_positive_329 2,0.0,PolypGen
PolypGen_C4,23_endocv2021_positive_1299,0.028529886156320572,PolypGen
PolypGen_C4,20_endocv2021_positive_270,0.0,PolypGen
PolypGen_C4,19_endocv2021_positive_845,0.0,PolypGen
PolypGen_C4,34_endocv2021_positive_432,0.0016858745366334915,PolypGen
PolypGen_C4,23_endocv2021_positive_1460,0.0039063869044184685,PolypGen
PolypGen_C4,9_endocv2021_positive_729,0.0013815145939588547,PolypGen
PolypGen_C4,28_endocv2021_positive_545,0.00017928611487150192,PolypGen
PolypGen_C4,12_endocv2021_positive_148,0.0,PolypGen
PolypGen_C4,21_endocv2021_positive_829,0.002361067570745945,PolypGen
PolypGen_C4,16_endocv2021_positive_328,0.0,PolypGen
PolypGen_C4,21_endocv2021_positive_1321,0.004487033933401108,PolypGen
PolypGen_C4,29_endocv2021_positive_471,-0.0011039292439818382,PolypGen
PolypGen_C4,35_endocv2021_negative_1005,0.001080857589840889,PolypGen
PolypGen_C4,30_endocv2021_positive_1459,0.0,PolypGen
PolypGen_C4,19_endocv2021_positive_1134,0.015624063089489937,PolypGen
PolypGen_C4,19_endocv2021_positive_1496,0.005683181807398796,PolypGen
PolypGen_C4,11_endocv2021_positive_968,0.0020892396569252014,PolypGen
PolypGen_C4,23_endocv2021_positive_1047,-0.020845094695687294,PolypGen
PolypGen_C4,28_endocv2021_positive_1311,-0.00016681291162967682,PolypGen
PolypGen_C4,23_endocv2021_positive_1337,0.00043128617107868195,PolypGen
PolypGen_C4,27_endocv2021_positive_216,0.0,PolypGen
PolypGen_C4,26_endocv2021_positive_1156,-0.0007381308823823929,PolypGen
PolypGen_C4,23_endocv2021_positive_375,-0.003853311762213707,PolypGen
PolypGen_C4,19_endocv2021_positive_757,0.0,PolypGen
PolypGen_C4,25_endocv2021_positive_29,0.0,PolypGen
PolypGen_C4,23_endocv2021_positive_254,0.0,PolypGen
PolypGen_C4,18_endocv2021_positive_334,0.0,PolypGen
PolypGen_C4,22_endocv2021_positive_982,0.0005524288862943649,PolypGen
PolypGen_C4,20_endocv2021_positive_873,-0.001066739670932293,PolypGen
PolypGen_C4,16_endocv2021_positive_849,0.002734234556555748,PolypGen
PolypGen_C4,29_endocv2021_positive_323,0.0,PolypGen
PolypGen_C4,18_endocv2021_positive_265,0.0,PolypGen
PolypGen_C4,31_endocv2021_positive_38,0.0,PolypGen
PolypGen_C4,9_endocv2021_positive_1362,-0.005890132859349251,PolypGen
PolypGen_C4,25_endocv2021_positive_225,0.0010389527305960655,PolypGen
PolypGen_C4,9_endocv2021_positive_650,0.002476542256772518,PolypGen
PolypGen_C4,32_endocv2021_positive_339,0.0,PolypGen
PolypGen_C4,6_endocv2021_positive_1007,0.0,PolypGen
PolypGen_C4,22_endocv2021_positive_1424,-0.0012947358191013336,PolypGen
PolypGen_C4,6_endocv2021_positive_388,0.0076886750757694244,PolypGen
PolypGen_C4,14_endocv2021_positive_230,0.0,PolypGen
PolypGen_C4,12_endocv2021_positive_679,0.0010898085311055183,PolypGen
PolypGen_C4,18_endocv2021_positive_115,0.0,PolypGen
PolypGen_C4,32_endocv2021_positive_269,0.004447072744369507,PolypGen
PolypGen_C4,35_endocv2021_negative_1027,0.00045949406921863556,PolypGen
PolypGen_C4,11_endocv2021_positive_61,0.0,PolypGen
PolypGen_C4,24_endocv2021_positive_1415,0.0030710455030202866,PolypGen
PolypGen_C4,13_endocv2021_positive_464,0.0,PolypGen
PolypGen_C4,22_endocv2021_positive_225,0.0,PolypGen
PolypGen_C4,18_endocv2021_positive_1492,-0.0013331640511751175,PolypGen
PolypGen_C4,9_endocv2021_positive_1269,0.0035962406545877457,PolypGen
PolypGen_C4,10_endocv2021_positive_950,-0.003404758870601654,PolypGen
PolypGen_C4,16_endocv2021_positive_498,0.0005877064540982246,PolypGen
PolypGen_C4,23_endocv2021_positive_1084,0.0018296949565410614,PolypGen
PolypGen_C4,24_endocv2021_positive_801,-0.0010350998491048813,PolypGen
PolypGen_C4,9_endocv2021_positive_538,-0.0029120352119207382,PolypGen
PolypGen_C4,17_endocv2021_positive_457,0.0,PolypGen
PolypGen_C4,24_endocv2021_positive_1139,-0.00045901816338300705,PolypGen
PolypGen_C4,4_endocv2021_positive_34,-0.00232882983982563,PolypGen
PolypGen_C4,24_endocv2021_positive_1349,-0.00013072043657302856,PolypGen
PolypGen_C4,13_endocv2021_positive_573,0.0009431950747966766,PolypGen
PolypGen_C4,11_endocv2021_positive_843,-0.00035836827009916306,PolypGen
PolypGen_C4,14_endocv2021_positive_1266,-0.0020523089915513992,PolypGen
PolypGen_C5,EndoCV2021_C5_50000300,0.005114758387207985,PolypGen
PolypGen_C5,EndoCV2021_C5_50000036,0.03911454230546951,PolypGen
PolypGen_C5,EndoCV2021_C5_50000149,0.004852760583162308,PolypGen
PolypGen_C5,EndoCV2021_C5_50000198,0.0030004866421222687,PolypGen
PolypGen_C5,EndoCV2021_C5_50000306,0.003237641416490078,PolypGen
PolypGen_C5,EndoCV2021_C5_50000024,0.002501005306839943,PolypGen
PolypGen_C5,EndoCV2021_C5_50000206,0.00021427543833851814,PolypGen
PolypGen_C5,EndoCV2021_C5_50000262,0.0027997251600027084,PolypGen
PolypGen_C5,EndoCV2021_C5_50000049,0.0002987789921462536,PolypGen
PolypGen_C5,EndoCV2021_C5_50000278,0.005690805613994598,PolypGen
PolypGen_C5,EndoCV2021_C5_50000319,0.0018261950463056564,PolypGen
PolypGen_C5,EndoCV2021_C5_50000079,0.010192109271883965,PolypGen
PolypGen_C5,EndoCV2021_C5_50000286,0.0017403904348611832,PolypGen
PolypGen_C5,EndoCV2021_C5_50000335,0.00490683875977993,PolypGen
PolypGen_C5,EndoCV2021_C5_50000251,0.0004001995548605919,PolypGen
PolypGen_C5,EndoCV2021_C5_50000359,-0.0037354379892349243,PolypGen
PolypGen_C5,EndoCV2021_C5_50000303,0.0007475819438695908,PolypGen
PolypGen_C5,EndoCV2021_C5_50000348,0.005606077611446381,PolypGen
PolypGen_C5,EndoCV2021_C5_50000178,0.012674886733293533,PolypGen
PolypGen_C5,EndoCV2021_C5_50000151,0.003858795389533043,PolypGen
PolypGen_C5,EndoCV2021_C5_50000243,0.00010912492871284485,PolypGen
PolypGen_C5,EndoCV2021_C5_50000314,0.006541550159454346,PolypGen
PolypGen_C5,EndoCV2021_C5_50000212,-0.0015558330342173576,PolypGen
PolypGen_C5,EndoCV2021_C5_50000207,0.0031714700162410736,PolypGen
PolypGen_C5,EndoCV2021_C5_50000145,-0.00012828968465328217,PolypGen
PolypGen_C5,EndoCV2021_C5_50000071,0.0036203525960445404,PolypGen
PolypGen_C5,EndoCV2021_C5_50000197,-0.0009158849716186523,PolypGen
PolypGen_C5,EndoCV2021_C5_50000040,0.0016162265092134476,PolypGen
PolypGen_C5,EndoCV2021_C5_50000269,-0.004694784060120583,PolypGen
PolypGen_C5,EndoCV2021_C5_50000340,0.0007899366319179535,PolypGen
PolypGen_C5,EndoCV2021_C5_50000285,0.007766413502395153,PolypGen
PolypGen_C5,EndoCV2021_C5_50000144,-0.0029463674873113632,PolypGen
PolypGen_C5,EndoCV2021_C5_50000141,0.0012363903224468231,PolypGen
PolypGen_C5,EndoCV2021_C5_50000237,-0.00028173159807920456,PolypGen
PolypGen_C5,EndoCV2021_C5_50000277,-0.002940915524959564,PolypGen
PolypGen_C5,EndoCV2021_C5_50000202,-0.00035454798489809036,PolypGen
PolypGen_C5,EndoCV2021_C5_50000266,0.0,PolypGen
PolypGen_C5,EndoCV2021_C5_50000307,0.002361610531806946,PolypGen
PolypGen_C5,EndoCV2021_C5_50000108,0.0029869601130485535,PolypGen
PolypGen_C5,EndoCV2021_C5_50000228,-0.0024764398112893105,PolypGen
PolypGen_C5,EndoCV2021_C5_50000140,0.010369565337896347,PolypGen
PolypGen_C5,EndoCV2021_C5_50000333,-0.004837974905967712,PolypGen
PolypGen_C5,EndoCV2021_C5_50000181,0.0005518272519111633,PolypGen
PolypGen_C5,EndoCV2021_C5_50000371,0.0022378619760274887,PolypGen
PolypGen_C5,EndoCV2021_C5_50000143,9.0818852186203e-05,PolypGen
PolypGen_C5,EndoCV2021_C5_50000173,0.001070614904165268,PolypGen
PolypGen_C5,EndoCV2021_C5_50000377,0.017024220898747444,PolypGen
PolypGen_C5,EndoCV2021_C5_50000355,0.005256191827356815,PolypGen
PolypGen_C5,EndoCV2021_C5_50000095,0.0016817143186926842,PolypGen
PolypGen_C5,EndoCV2021_C5_50000070,0.005936112254858017,PolypGen
PolypGen_C5,EndoCV2021_C5_50000127,0.017447851598262787,PolypGen
PolypGen_C5,EndoCV2021_C5_50000356,0.004423156380653381,PolypGen
PolypGen_C5,EndoCV2021_C5_50000078,0.002262737601995468,PolypGen
PolypGen_C5,EndoCV2021_C5_50000054,0.0006436537951231003,PolypGen
PolypGen_C5,EndoCV2021_C5_50000122,0.004672575742006302,PolypGen
PolypGen_C5,EndoCV2021_C5_50000194,0.0016124248504638672,PolypGen
PolypGen_C5,EndoCV2021_C5_50000336,-0.0039532724767923355,PolypGen
PolypGen_C5,EndoCV2021_C5_50000297,0.006371445953845978,PolypGen
PolypGen_C5,EndoCV2021_C5_50000009,0.0001415945589542389,PolypGen
PolypGen_C5,EndoCV2021_C5_50000258,-0.0009554605931043625,PolypGen
PolypGen_C5,EndoCV2021_C5_50000123,0.065632289275527,PolypGen
PolypGen_C5,EndoCV2021_C5_50000253,0.004536708816885948,PolypGen
PolypGen_C5,EndoCV2021_C5_50000230,-0.0045771170407533646,PolypGen
PolypGen_C5,EndoCV2021_C5_50000276,0.009368546307086945,PolypGen
PolypGen_C5,EndoCV2021_C5_50000221,0.004169013351202011,PolypGen
PolypGen_C5,EndoCV2021_C5_50000330,7.130857557058334e-05,PolypGen
PolypGen_C5,EndoCV2021_C5_50000080,0.003247218206524849,PolypGen
PolypGen_C5,EndoCV2021_C5_50000027,0.0028074029833078384,PolypGen
PolypGen_C5,EndoCV2021_C5_50000084,0.005003691650927067,PolypGen
PolypGen_C5,EndoCV2021_C5_50000077,0.0008681323379278183,PolypGen
PolypGen_C5,EndoCV2021_C5_50000101,-0.022274643182754517,PolypGen
PolypGen_C5,EndoCV2021_C5_50000167,0.0012918002903461456,PolypGen
PolypGen_C5,EndoCV2021_C5_50000199,0.003306180238723755,PolypGen
PolypGen_C5,EndoCV2021_C5_50000270,0.002039029262959957,PolypGen
PolypGen_C5,EndoCV2021_C5_50000115,0.06969139724969864,PolypGen
PolypGen_C5,EndoCV2021_C5_50000232,-0.0015407837927341461,PolypGen
PolypGen_C5,EndoCV2021_C5_50000310,0.0037591522559523582,PolypGen
PolypGen_C5,EndoCV2021_C5_50000152,0.0005940999835729599,PolypGen
PolypGen_C5,EndoCV2021_C5_50000100,0.0026571787893772125,PolypGen
PolypGen_C5,EndoCV2021_C5_50000254,0.005223617888987064,PolypGen
PolypGen_C6,EndoCV2021_C6_0100102,0.0,PolypGen
PolypGen_C6,EndoCV2021_C6_0100001,0.004377573728561401,PolypGen
PolypGen_C6,EndoCV2021_C6_0100032,0.0017818957567214966,PolypGen
PolypGen_C6,EndoCV2021_C6_0100027,-9.933486580848694e-06,PolypGen
PolypGen_C6,EndoCV2021_C6_0100014,0.002713290974497795,PolypGen
PolypGen_C6,EndoCV2021_C6_0100086,-0.0002233041450381279,PolypGen
PolypGen_C6,EndoCV2021_C6_0100012,0.001630447804927826,PolypGen
PolypGen_C6,EndoCV2021_C6_0100021,-0.001004491001367569,PolypGen
PolypGen_C6,EndoCV2021_C6_0100006,0.010456815361976624,PolypGen
PolypGen_C6,EndoCV2021_C6_0100088,0.0,PolypGen
PolypGen_C6,EndoCV2021_C6_0100114,-0.0005456637591123581,PolypGen
PolypGen_C6,EndoCV2021_C6_0100082,-4.78820875287056e-05,PolypGen
PolypGen_C6,EndoCV2021_C6_0100066,0.0050352392718195915,PolypGen
PolypGen_C6,EndoCV2021_C6_0100109,0.005061136558651924,PolypGen
PolypGen_C6,EndoCV2021_C6_0100113,0.020561842247843742,PolypGen
PolypGen_C6,EndoCV2021_C6_0100081,-0.0014197621494531631,PolypGen
PolypGen_C6,EndoCV2021_C6_0100039,0.00026970356702804565,PolypGen
PolypGen_C6,EndoCV2021_C6_0100108,0.01106729730963707,PolypGen
PolypGen_C6,EndoCV2021_C6_0100068,0.0070737674832344055,PolypGen
PolypGen_C6,EndoCV2021_C6_0100093,0.00011717109009623528,PolypGen
PolypGen_C6,EndoCV2021_C6_0100013,0.0019247690215706825,PolypGen
PolypGen_C6,EndoCV2021_C6_0100036,0.005184760317206383,PolypGen
PolypGen_C6,EndoCV2021_C6_0100046,0.00020450446754693985,PolypGen
PolypGen_C6,EndoCV2021_C6_0100034,0.006183709017932415,PolypGen
PolypGen_C6,EndoCV2021_C6_0100011,-0.0013758037239313126,PolypGen
PolypGen_C6,EndoCV2021_C6_0100085,-0.0009385161101818085,PolypGen
PolypGen_C6,EndoCV2021_C6_0100007,0.007093793712556362,PolypGen
PolypGen_C6,EndoCV2021_C6_0100045,0.008158618584275246,PolypGen
PolypGen_C6,EndoCV2021_C6_0100037,0.0028162477537989616,PolypGen
PolypGen_C6,EndoCV2021_C6_0100041,-0.0015210281126201153,PolypGen
PolypGen_C6,EndoCV2021_C6_0100053,-0.0008199075236916542,PolypGen
PolypGen_C6,EndoCV2021_C6_0100052,0.015577051788568497,PolypGen
PolypGen_C6,EndoCV2021_C6_0100019,0.0037297718226909637,PolypGen
PolypGen_C6,EndoCV2021_C6_0100049,0.009579628240317106,PolypGen
PolypGen_C6,EndoCV2021_C6_0100040,0.0035479068756103516,PolypGen
PolypGen_C6,EndoCV2021_C6_0100009,0.001607467420399189,PolypGen
PolypGen_C6,EndoCV2021_C6_0100061,0.025130492635071278,PolypGen
PolypGen_C6,EndoCV2021_C6_0100075,0.006016882136464119,PolypGen
PolypGen_C6,EndoCV2021_C6_0100022,0.04221188463270664,PolypGen
PolypGen_C6,EndoCV2021_C6_0100092,0.0011497996747493744,PolypGen
PolypGen_C6,EndoCV2021_C6_0100031,-5.913153290748596e-05,PolypGen
PolypGen_C6,EndoCV2021_C6_0100059,0.0,PolypGen
PolypGen_C6,EndoCV2021_C6_0100015,0.009453626349568367,PolypGen
PolypGen_C6,EndoCV2021_C6_0100030,0.0035342592746019363,PolypGen
PolypGen_C6,EndoCV2021_C6_0100005,-0.012743452563881874,PolypGen
PolypGen_C6,EndoCV2021_C6_0100020,0.0002813488245010376,PolypGen
PolypGen_C6,EndoCV2021_C6_0100044,0.01280281413346529,PolypGen
PolypGen_C6,EndoCV2021_C6_0100010,-0.002605309709906578,PolypGen
PolypGen_C6,EndoCV2021_C6_0100089,-0.005445750430226326,PolypGen
PolypGen_C6,EndoCV2021_C6_0100008,0.0267668217420578,PolypGen
PolypGen_C6,EndoCV2021_C6_0100070,0.0,PolypGen
PolypGen_C6,EndoCV2021_C6_0100042,0.0048576099798083305,PolypGen
PolypGen_C6,EndoCV2021_C6_0100107,0.042710269801318645,PolypGen
PolypGen_C6,EndoCV2021_C6_0100123,0.013299969956278801,PolypGen
PolypGen_C6,EndoCV2021_C6_0100067,0.001841382123529911,PolypGen
PolypGen_C6,EndoCV2021_C6_0100050,-0.002328847534954548,PolypGen
PolypGen_C6,EndoCV2021_C6_0100062,0.0034337379038333893,PolypGen
PolypGen_C6,EndoCV2021_C6_0100056,0.0,PolypGen
PolypGen_C6,EndoCV2021_C6_0100116,0.0018283408135175705,PolypGen
PolypGen_C6,EndoCV2021_C6_0100018,-0.0025174645707011223,PolypGen
PolypGen_C6,EndoCV2021_C6_0100090,-0.008165720850229263,PolypGen
PolypGen_C6,EndoCV2021_C6_0100033,-0.006275538355112076,PolypGen
PolypGen_C6,EndoCV2021_C6_0100047,0.009630220010876656,PolypGen
PolypGen_C6,EndoCV2021_C6_0100076,-0.002386772073805332,PolypGen
PolypGen_C6,EndoCV2021_C6_0100072,0.005065036937594414,PolypGen
PolypGen_C6,EndoCV2021_C6_0100060,0.006978132762014866,PolypGen
PolypGen_C6,EndoCV2021_C6_0100103,0.020652342587709427,PolypGen
PolypGen_C6,EndoCV2021_C6_0100071,0.012817884795367718,PolypGen
PolypGen_C6,EndoCV2021_C6_0100038,0.011213494464755058,PolypGen
PolypGen_C6,EndoCV2021_C6_0100112,0.036812173668295145,PolypGen
PolypGen_C6,EndoCV2021_C6_0100073,0.01016317680478096,PolypGen
PolypGen_C6,EndoCV2021_C6_0100077,0.005238564684987068,PolypGen
PolypGen_C6,EndoCV2021_C6_0100101,0.017087546177208424,PolypGen
PolypGen_C6,EndoCV2021_C6_0100043,-0.002521101851016283,PolypGen
PolypGen_C6,EndoCV2021_C6_0100035,-0.0015850365161895752,PolypGen
PolypGen_C6,EndoCV2021_C6_0100003,0.0030878190882503986,PolypGen
PolypGen_C6,EndoCV2021_C6_0100065,0.0021945200860500336,PolypGen
PolypGen_C6,EndoCV2021_C6_0100025,-0.0013778582215309143,PolypGen
PolypGen_C6,EndoCV2021_C6_0100004,0.0016773855313658714,PolypGen
PolypGen_C6,EndoCV2021_C6_0100028,0.007297724485397339,PolypGen
benchmark_train,88,0.0034499168395996094,5_benchmark
benchmark_train,cju2tqfgw4oat0799rn0g5b2z,0.012965265661478043,5_benchmark
benchmark_train,149,0.006008680909872055,5_benchmark
benchmark_train,cju8bafgqrf4x0818twisk3ea,-0.0040721409022808075,5_benchmark
benchmark_train,241,0.001414543017745018,5_benchmark
benchmark_train,cju1cyjb5qtie0993njqne9m3,0.014615805819630623,5_benchmark
benchmark_train,cju5tgbzhjllu08174ca41eus,0.012415478006005287,5_benchmark
benchmark_train,cju2ysg748ru80878sp6j0gm0,0.02326120063662529,5_benchmark
benchmark_train,cju5chrxxawka0871qcj171yz,0.029504209756851196,5_benchmark
benchmark_train,cju884985nlmx0817vzpax3y4,0.03151653707027435,5_benchmark
benchmark_train,cju34fojcctcf0799ebolbvkn,0.0027389340102672577,5_benchmark
benchmark_train,cju410dnfl0960755y8lu8d79,0.020401570945978165,5_benchmark
benchmark_train,cju1bhnfitmge0835ynls0l6b,0.005091079510748386,5_benchmark
benchmark_train,cju31y80qbawn0801twwm2l5s,0.03576892800629139,5_benchmark
benchmark_train,269,0.06448576971888542,5_benchmark
benchmark_train,480,0.011183032765984535,5_benchmark
benchmark_train,cju8828oxnool0801qno9luhr,0.00853392481803894,5_benchmark
benchmark_train,cju77re6fz5bb0817vp9redjg,0.01253255270421505,5_benchmark
benchmark_train,344,0.03465024661272764,5_benchmark
benchmark_train,cju45qbf3n9sa0987oonbkly9,0.005890888161957264,5_benchmark
benchmark_train,217,0.009791072458028793,5_benchmark
benchmark_train,165,0.014268720522522926,5_benchmark
benchmark_train,cju1fm3id6gl50801r3fok20c,0.003221987746655941,5_benchmark
benchmark_train,cju1gghyjwxt80835vx0wgxw0,0.01214625220745802,5_benchmark
benchmark_train,cju2zo0fwzv580988qlijd2xa,0.002791515551507473,5_benchmark
benchmark_train,367,0.005903717130422592,5_benchmark
benchmark_train,cju16fpvhzypl0799p9phnlx6,0.007606321945786476,5_benchmark
benchmark_train,cju5nxkujgscq0817l9gss626,0.012309160083532333,5_benchmark
benchmark_train,cju2y5zas8m7f0801d34g5owq,0.01643669418990612,5_benchmark
benchmark_train,150,0.006627857685089111,5_benchmark
benchmark_train,cju41nz76lcxu0755cya2qefx,0.017695173621177673,5_benchmark
benchmark_train,cju2hgsptlfam0835o3b59h1o,0.016524063423275948,5_benchmark
benchmark_train,337,0.014320425689220428,5_benchmark
benchmark_train,cju88gx09o2vk0818610zody3,0.01916114240884781,5_benchmark
benchmark_train,cju2t16vuucaq0835xcpsivn2,0.0019299350678920746,5_benchmark
benchmark_train,467,0.027733366936445236,5_benchmark
benchmark_train,cju5xneamme2p0801qdf7fdwv,0.003148529678583145,5_benchmark
benchmark_train,408,0.01927766390144825,5_benchmark
benchmark_train,451,0.010454480536282063,5_benchmark
benchmark_train,168,0.024045664817094803,5_benchmark
benchmark_train,338,0.006114117801189423,5_benchmark
benchmark_train,cju88msmoo3470817m441j4sg,0.015622870996594429,5_benchmark
benchmark_train,cju2ulk385h170799rlklxob0,0.007330611348152161,5_benchmark
benchmark_train,cju1djtprvd7b0988thwwrg09,0.012644980102777481,5_benchmark
benchmark_train,cju8c5223s8j80850b4kealt4,0.025422247126698494,5_benchmark
benchmark_train,cju336l68y7if0993wf092166,0.0512528233230114,5_benchmark
benchmark_train,370,0.0073243603110313416,5_benchmark
benchmark_train,78,0.01326122134923935,5_benchmark
benchmark_train,224,0.02241826243698597,5_benchmark
benchmark_train,cjz14qsk2wci60794un9ozwmw,0.010998735204339027,5_benchmark
benchmark_train,cju2qvuj1s9ok0835tp2k4ozh,0.0065497662872076035,5_benchmark
benchmark_train,525,0.026041489094495773,5_benchmark
benchmark_train,cju6vucxvvlda0755j7msqnya,0.013015318661928177,5_benchmark
benchmark_train,413,-0.00836782343685627,5_benchmark
benchmark_train,373,0.014193844050168991,5_benchmark
benchmark_train,128,0.006389584392309189,5_benchmark
benchmark_train,cju2lcyfgkf5809932fn9gucn,0.003947112709283829,5_benchmark
benchmark_train,cju32l161bi1v07990vm376in,0.04595210589468479,5_benchmark
benchmark_train,cju2rn0hasxri0835nfy3buay,0.0041227880865335464,5_benchmark
benchmark_train,cju2qs32r1vys07999conmbvx,0.02042018622159958,5_benchmark
benchmark_train,368,0.014087369665503502,5_benchmark
benchmark_train,cju88q6h6obpd0871ckmiabbo,0.012185044586658478,5_benchmark
benchmark_train,cju1b0y2e396p08558ois175d,0.0033111022785305977,5_benchmark
benchmark_train,177,0.015814349055290222,5_benchmark
benchmark_train,cju14g8o4xui30878gkgbrvqj,0.011484231799840927,5_benchmark
benchmark_train,53,0.02620806358754635,5_benchmark
benchmark_train,82,0.01604543998837471,5_benchmark
benchmark_train,cju18ibp219ub08783i6o98g7,0.012205477803945541,5_benchmark
benchmark_train,cju1erep75us208553i4ofwwe,0.05310049280524254,5_benchmark
benchmark_train,47,0.00482258340343833,5_benchmark
benchmark_train,514,0.01366150937974453,5_benchmark
benchmark_train,cju3y9difj6th0801kd1rqm3w,0.04023738391697407,5_benchmark
benchmark_train,62,0.020110096782445908,5_benchmark
benchmark_train,cju2z1nxlzaj40835wj81s1iy,0.006033226847648621,5_benchmark
benchmark_train,cju16b6ynq8e40988m8vx0xnj,0.007786573842167854,5_benchmark
benchmark_train,cju1d96gsv62d09881b3wecw2,0.01669612154364586,5_benchmark
benchmark_train,143,0.02949444390833378,5_benchmark
benchmark_train,159,0.024036607705056667,5_benchmark
benchmark_train,cju5x7iskmad90818frchyfwd,0.019629012793302536,5_benchmark
benchmark_train,292,0.017808683216571808,5_benchmark
