polyp_ratio,polyp_pixels,n_polyps,boundary_complexity,img_h,img_w,dataset,image_id,category
0.0,0,0,0.0,1080,1920,PolypGen_C4,20_endocv2021_positive_270,PolypGen
0.02044451678240741,2261,1,3.4910638965817107,288,384,benchmark_train,574,5_benchmark
0.06084587191358025,25234,1,3.3867974458010157,576,720,PolypDB_WLI,68ec8931-d94a-4b3f-96c6-1c97f5418a28,PolypDB
0.036420904559493594,11910,1,4.416631377414276,530,617,benchmark_train,cju2ij9uiic2l09933ljiv6gm,5_benchmark
0.03080141129032258,36666,1,3.3945451330501553,930,1280,PolypDB_BLI,PKHL_15 220831_201029_BN041_022,PolypDB
0.009317772633744855,14491,1,3.621907106155327,1080,1440,PolypGen_C3,C3_EndoCV2021_00390,PolypGen
0.1712842399691358,71035,1,3.4218316920399463,576,720,PolypDB_WLI,fd95d6f1-a05e-4004-889f-6f9ea9cff2f3,PolypDB
0.01405229271356784,17897,1,3.2665650768844396,995,1280,PolypDB_WLI,HMUH_08 200822_200810_BN012_006,PolypDB
0.07730667679398148,34198,1,4.693743671976104,576,768,PolypDB_WLI,00a5d194-4aa1-495a-afff-5ef6ad6ad3a0,PolypDB
0.056520815248842594,25003,1,4.07276924171446,576,768,PolypDB_WLI,787cb77a-cd61-480c-9c81-c73e3b4e648c,PolypDB
0.4875,202176,2,3.7029635485072414,576,720,PolypDB_WLI,ee361b6d-cd30-4225-aa4c-4dda654719de,PolypDB
0.23375334563078703,103405,1,3.6353291622747457,576,768,PolypDB_WLI,0a25da23-787f-47ce-877e-2934275b0801,PolypDB
0.12125651041666667,13410,1,3.6441652149251875,288,384,benchmark_train,136,5_benchmark
0.020402795226130654,25985,1,3.3995324825097244,995,1280,PolypDB_WLI,HMUH_07 200808_200730_BN010_007,PolypDB
0.199828800154321,82873,1,3.529288623084823,576,720,PolypDB_WLI,81909d65-d01c-44bb-b721-18aee5e0e8d2,PolypDB
0.016905381944444443,7011,1,3.379842376029948,576,720,PolypDB_WLI,6ad51f94-f63c-41ef-869a-4f1a6cf71cec,PolypDB
0.02501311125578704,11065,1,3.479408115793119,576,768,PolypDB_WLI,774faf48-750f-4224-b6b8-1a08452c06d4,PolypDB
0.031073170731707317,8918,1,3.526228854776171,500,574,CVC-ColonDB,12,5_benchmark
0.10243561557788945,130462,1,5.027751763026386,995,1280,PolypDB_WLI,HMUH_08 200822_200821_BN070_005,PolypDB
0.3652882415995065,119614,2,4.117361328059304,529,619,benchmark_train,cju1drnhbrb9409935wi7vkhg,5_benchmark
0.12974717881944445,14349,1,3.4310812336524723,288,384,benchmark_train,416,5_benchmark
0.0,0,0,0.0,1080,1920,PolypGen_C4,31_endocv2021_positive_38,PolypGen
0.00788054435483871,9381,1,3.8304459376432494,930,1280,PolypDB_BLI,PKHL_15 220831_201028_BN030_037,PolypDB
0.04359610552763819,55524,1,3.5223922568571013,995,1280,PolypDB_WLI,HMUH_09 200908_200831_BN053_001,PolypDB
0.07779566446940105,61181,1,3.7194569803624677,768,1024,PolypGen_C6,EndoCV2021_C6_0100034,PolypGen
0.27919288917824076,123506,1,3.3263694374166106,576,768,PolypDB_WLI,0abee68d-f929-4da9-90b3-dcde15f06ef8,PolypDB
0.18989794640621088,60661,1,3.7922074908664247,528,605,benchmark_train,cju77idwfz36d0871tzfzz51i,5_benchmark
0.07603800251256282,96842,1,3.406230150927786,995,1280,PolypDB_WLI,HMUH_08 200822_200810_BN017_003,PolypDB
0.19960756655092593,88300,1,3.466225967235953,576,768,PolypDB_NBI,8c76ea32-0109-4c31-bbda-1d3e398aa55c,PolypDB
0.2081615306712963,23021,1,3.7567540250015834,288,384,benchmark_train,348,5_benchmark
0.4132947530864198,642756,1,4.499073333444331,1080,1440,PolypGen_C3,C3_EndoCV2021_00380,PolypGen
0.008571428571428572,2460,1,3.4073687991556016,500,574,CVC-ColonDB,267,5_benchmark
0.05771065955907828,18989,1,4.883869084067228,529,622,benchmark_train,cju33231uy4gi0993qc7b1jch,5_benchmark
0.039243344907407406,16275,3,3.6449573491923073,576,720,PolypDB_WLI,ae395ae9-2f0a-4d28-bd7b-c3b8d7d08d67,PolypDB
0.0821849681712963,36356,1,4.295323243352914,576,768,PolypDB_WLI,3c3a8e1a-c41a-49f1-998d-39e1c4414581,PolypDB
0.018853684413580245,39095,1,3.246941149412945,1080,1920,PolypGen_C4,11_endocv2021_positive_900,PolypGen
0.05287448559670782,77091,1,3.2270535224763086,1080,1350,PolypDB_WLI,100H0006,PolypDB
0.03056520061728395,12676,2,4.725203458668342,576,720,PolypDB_NBI,7f4def9b-6f67-4482-ae55-d4a1dea2503c,PolypDB
0.19128870081018517,84620,1,3.3173462325953706,576,768,PolypDB_WLI,d6ac5069-ba99-418b-97c4-f50d291b8971,PolypDB
0.09238876028806585,143683,1,3.3214141793867924,1080,1440,PolypGen_C3,C3_EndoCV2021_0057,PolypGen
0.0,0,0,0.0,1080,1920,PolypGen_C4,19_endocv2021_positive_845,PolypGen
0.03616657021604938,14999,1,3.9601403920449467,576,720,PolypDB_WLI,76df6b4d-2c9d-4920-a76a-859b24be8519,PolypDB
0.05957935474537037,6589,1,3.991491888930121,288,384,benchmark_train,68,5_benchmark
0.09136838106209386,29822,1,3.81607612061128,529,617,benchmark_train,cju8ca4geseia0850i2ru11hw,5_benchmark
0.09856391331658292,125531,1,3.6663477546617647,995,1280,PolypDB_WLI,HMUH_07 200808_200728_BN004_001,PolypDB
0.22033152591127145,72614,1,3.3881341344232783,529,623,benchmark_train,cju8b4ja9r2s808509d45ma86,5_benchmark
0.1615939670138889,17871,1,3.7476868529898937,288,384,benchmark_train,232,5_benchmark
0.03761895576131687,58505,1,3.6464653533233418,1080,1440,PolypGen_C3,C3_EndoCV2021_0069,PolypGen
0.0793887769432741,26003,1,3.578195642298152,530,618,benchmark_train,cju43o6n7m9nk087191ijwqq9,5_benchmark
0.10490185301507537,133603,1,3.247451043819411,995,1280,PolypDB_WLI,HMUH_09 200908_200820_BN013_003,PolypDB
0.02753925879396985,35074,1,3.4707290072415042,995,1280,PolypDB_WLI,HMUH_06 200731_200723_BN057_008,PolypDB
0.13642847098057337,40746,1,3.438087915670168,546,547,benchmark_train,cju5c7oijaqmq09878qwgqv8n,5_benchmark
0.07919519472361809,100863,1,3.7847615728084616,995,1280,PolypDB_WLI,HMUH_09 200908_200827_BN039_005,PolypDB
0.18314493312757202,284827,1,3.674404929558376,1080,1440,PolypGen_C3,C3_EndoCV2021_00188,PolypGen
0.07197560975609756,20657,1,3.430151416946498,500,574,CVC-ColonDB,66,5_benchmark
0.10850920500578703,48001,1,3.642317050179528,576,768,PolypDB_WLI,ckd8sz9ut000e3b5s6vs09c0c,PolypDB
0.028606672932330827,43830,1,3.37224379048827,1064,1440,PolypGen_C2,EndoCV2021_001430,PolypGen
0.040355541087962965,4463,1,3.2781639113470407,288,384,benchmark_train,198,5_benchmark
0.03139467592592592,3472,2,4.412487441579058,288,384,benchmark_train,566,5_benchmark
0.059568051938657406,26351,1,4.497014697284925,576,768,PolypDB_WLI,1b68d72b-13a9-424b-a97f-e50bfc3f3328,PolypDB
0.02656837745949074,11753,1,3.3022401586105876,576,768,PolypDB_WLI,700978aa-3092-4ee7-9968-3016921e825e,PolypDB
0.06209683641975309,96573,2,3.6973636387687496,1080,1440,PolypGen_C3,C3_EndoCV2021_00277,PolypGen
0.39235206886574076,173564,1,3.526078442320769,576,768,PolypDB_WLI,1078820d-ade0-465b-8af8-2bc0a9a322f7,PolypDB
0.0505931712962963,20982,1,3.9281568622530356,576,720,PolypDB_WLI,02b91cbf-3759-451c-a800-bae3c2c48b22,PolypDB
0.010756124371859296,13699,1,3.6396964288375617,995,1280,PolypDB_WLI,HMUH_07 200808_200730_BN010_004,PolypDB
0.36847323835194457,114831,2,3.915987962563265,530,588,benchmark_train,cju7g7ba42z310987bqzbi2bq,5_benchmark
0.44556327160493825,184784,1,3.50109839946195,576,720,PolypDB_WLI,c23cf5fd-7194-4b1c-a107-0fa1c1f6e845,PolypDB
0.37809018735532407,167255,1,3.6335342106647035,576,768,PolypDB_WLI,2ed5fbc2-ea50-4872-8504-ddf7cc11e6aa,PolypDB
0.05493017866943106,18016,1,3.3377117235932543,529,620,Kvasir,cju2wve9v7esz0878mxsdcy04,5_benchmark
0.34543411820023145,152809,1,3.6044294145831923,576,768,PolypDB_WLI,170956ce-319c-473a-9080-0e2c6c159df4,PolypDB
0.0,0,0,0.0,1080,1350,PolypGen_C1,442OLCV1_100H0002,PolypGen
0.03514616935483871,41838,4,6.927625311449246,930,1280,PolypDB_BLI,PKHL_15 220831_201031_BN073_052,PolypDB
0.06128616898148148,127083,1,3.7925643741247157,1080,1920,PolypGen_C4,25_endocv2021_positive_1037,PolypGen
0.15244321469907407,16859,1,4.721114852763838,288,384,benchmark_train,122,5_benchmark
0.05490903501157408,24290,1,4.177026479252724,576,768,PolypDB_WLI,68afb401-7fc6-4370-b1e8-338b99ef5f7a,PolypDB
0.03909904970760234,59906,1,3.599488128534675,1064,1440,PolypGen_C2,EndoCV2021_001324,PolypGen
0.24456082818930042,380341,1,3.4407950665858933,1080,1440,PolypGen_C3,C3_EndoCV2021_00386,PolypGen
0.034243011474609376,44883,1,3.511817952819255,1024,1280,PolypGen_C2,EndoCV2021_001149,PolypGen
0.18728137860082306,291260,1,4.133892196201028,1080,1440,PolypGen_C3,C3_EndoCV2021_00148,PolypGen
0.07070159912109375,55602,1,3.6217015764422453,768,1024,PolypGen_C6,EndoCV2021_C6_0100033,PolypGen
0.032133879484953706,14215,1,3.5227015845529004,576,768,PolypDB_WLI,1819e70c-0a0c-4fe7-b3a5-9fdf32d57498,PolypDB
0.1312770061728395,272216,1,3.7643037346248147,1080,1920,PolypGen_C5,EndoCV2021_C5_50000256,PolypGen
0.16235160175879396,206771,1,2.8017192429653437,995,1280,PolypDB_WLI,HMUH_08 200822_200801_BN003_004,PolypDB
0.292431841563786,454790,1,4.581978271807517,1080,1440,PolypGen_C3,C3_EndoCV2021_00275,PolypGen
0.04779128086419753,19820,1,3.508933363114738,576,720,PolypDB_NBI,e68df482-2a2d-4c39-b3ec-3064b2176e1a,PolypDB
0.31987395109953703,141502,1,3.7589635908613395,576,768,PolypDB_WLI,f2d90009-a2d7-4f40-a76b-233ecf6f296b,PolypDB
0.01779031635802469,7378,1,3.480982643223764,576,720,PolypDB_WLI,6b75ca32-0938-46ae-96a4-629be41426ca,PolypDB
0.11639856409143519,51491,1,3.428577193477854,576,768,PolypDB_WLI,8dc2defe-6c2a-4aaf-94ff-0cbd17792a0c,PolypDB
0.0970563756281407,123611,1,3.9307867358225823,995,1280,PolypDB_WLI,HMUH_09 200908_200824_BN016_004,PolypDB
0.010073061342592593,1114,1,4.044745123370948,288,384,benchmark_train,597,5_benchmark
0.02751219512195122,7896,1,3.6349542371894374,500,574,CVC-ColonDB,250,5_benchmark
0.05727358217592592,6334,1,3.656402136287855,288,384,benchmark_train,602,5_benchmark
0.01251092069892473,14893,1,3.6300501746830096,930,1280,PolypDB_LCI,PKHL_15 220831_201212_BN040_052,PolypDB
0.08331976996527778,36858,1,3.416944731859908,576,768,PolypDB_NBI,88281c90-4248-4754-b03d-53530cbfe4e4,PolypDB
0.02023341049382716,31467,1,3.269642885402306,1080,1440,PolypGen_C3,C3_EndoCV2021_00447,PolypGen
0.1480984157986111,65514,1,3.6217016774788853,576,768,PolypDB_WLI,90796a98-965b-48b3-b705-894b80c8ab79,PolypDB
0.011951219512195122,3430,1,3.8759555669464913,500,574,CVC-ColonDB,365,5_benchmark
0.040120442708333336,4437,1,3.332792333387927,288,384,benchmark_train,94,5_benchmark
0.06109533607681756,89077,1,3.642057110138873,1080,1350,PolypGen_C1,656OLCV1_100H0012,PolypGen
0.06713588850174217,19268,1,4.0775388653289255,500,574,CVC-ColonDB,299,5_benchmark
0.03862606095679012,16019,1,3.444837856731949,576,720,PolypDB_WLI,ad9c0a21-98d7-42eb-98ec-e292b0a7a1d2,PolypDB
0.002294560185185185,4758,1,3.3343839811059475,1080,1920,PolypGen_C4,6_endocv2021_positive_263,PolypGen
0.012465760030864198,25849,1,3.3462655294975865,1080,1920,PolypGen_C4,20_endocv2021_positive_873,PolypGen
0.10245225694444444,42489,1,4.012058459805124,576,720,PolypDB_WLI,e4ef14c4-15a0-4a69-8b32-b76a5658a815,PolypDB
0.026012751561415682,33586,1,3.8523483978505997,1048,1232,PolypGen_C1,394OLCV1_100H0012,PolypGen
0.020774059390547262,42758,1,3.8108119982889987,1072,1920,PolypDB_WLI,00ca211b-c570-4560-8e75-57dc4d72695c,PolypDB
0.3433770073784722,151899,1,4.266922852396148,576,768,PolypDB_WLI,f3a3433a-6b0b-409c-b924-45b6581c7007,PolypDB
0.09408998842592593,39021,1,3.796750542836021,576,720,PolypDB_WLI,ee66536b-322a-4be5-a315-adc6d7c841b8,PolypDB
0.00606056495949074,2681,1,3.688798663567218,576,768,PolypDB_WLI,02d311ce-dcac-463d-b155-a6072b037c81,PolypDB
0.01865128660159716,22071,1,3.7963661787539595,966,1225,ETIS-LaribPolypDB,100,5_benchmark
0.0664333767361111,7347,1,3.4766521400853208,288,384,benchmark_train,165,5_benchmark
0.06855048577376821,88508,1,3.5764352186502433,1048,1232,PolypGen_C1,186OLCV1_100H0066,PolypGen
0.009945493725440487,11769,1,3.429044762923382,966,1225,ETIS-LaribPolypDB,80,5_benchmark
0.14543547453703703,64336,1,3.847891238196465,576,768,PolypDB_WLI,3c52b2df-20be-42a5-a8d3-48eacbbe456f,PolypDB
0.2705518431487737,88425,1,3.5781133328529284,528,619,benchmark_train,cju7d8m3b2e210755l8fj1yph,5_benchmark
0.11049623115577889,140728,1,3.6626588886811002,995,1280,PolypDB_WLI,HMUH_07 200808_200803_BN027_001,PolypDB
0.07749882450810185,34283,1,3.5429451403497367,576,768,PolypDB_WLI,183d922c-ca35-46f0-b329-0fc89c468ccd,PolypDB
0.33425369396443777,106774,2,2.8185573276516784,528,605,benchmark_train,cju7fazv92ywx0755xov2erga,5_benchmark
0.08095914142054338,95803,1,3.4375741281620997,966,1225,ETIS-LaribPolypDB,84,5_benchmark
0.11745603015075377,149592,1,3.461994643505133,995,1280,PolypDB_WLI,HMUH_09 200908_200827_BN035_002,PolypDB
0.19323784722222223,400698,1,3.5339255512064027,1080,1920,PolypGen_C5,EndoCV2021_C5_50000149,PolypGen
0.07353629265032054,24203,1,3.336051563414978,530,621,benchmark_train,cju2y26c588bo07993ksd8eoz,5_benchmark
0.11761070979899498,149789,1,3.6173295308931768,995,1280,PolypDB_WLI,HMUH_08 200822_200817_BN038_001,PolypDB
0.05093136487050961,78035,1,3.504596096474364,1064,1440,PolypGen_C2,EndoCV2021_001352,PolypGen
0.09585390946502058,139755,1,3.6459623315047143,1080,1350,PolypGen_C1,192OLCV1_100H0004,PolypGen
0.003996515679442508,1147,1,3.572758396420244,500,574,CVC-ColonDB,360,5_benchmark
0.1316116898148148,54582,1,3.8908022541705014,576,720,PolypDB_WLI,9de963df-8d10-4390-a0ae-4ef6e3017e63,PolypDB
0.054108796296296294,5984,1,3.2835067890218483,288,384,benchmark_train,321,5_benchmark
0.3277859157986111,145002,1,3.513735901520824,576,768,PolypDB_WLI,b72155e6-ef84-4d25-bb51-4179a4453092,PolypDB
0.016957443467336682,21597,1,3.592834442691585,995,1280,PolypDB_WLI,HMUH_07 200808_200729_BN008_004,PolypDB
0.015044581618655692,21935,1,3.760853124109807,1080,1350,PolypGen_C1,906OLCV1_100H0002,PolypGen
0.046237437185929646,58888,1,3.2966784018691304,995,1280,PolypDB_WLI,HMUH_06 200731_200727_BN070_006,PolypDB
0.10101130653266331,128648,1,3.32612773007296,995,1280,PolypDB_WLI,HMUH_06 200731_200720_BN024_012,PolypDB
0.3048207160206206,393565,1,4.064732266932135,1048,1232,PolypGen_C1,295OLCV1_100H0008,PolypGen
0.1212474681712963,13409,1,3.825652573851373,288,384,benchmark_train,360,5_benchmark
0.11665846836419753,241903,3,5.943033622756978,1080,1920,PolypGen_C6,EndoCV2021_C6_0100044,PolypGen
0.06649949596774193,79161,1,3.3587383345851802,930,1280,PolypDB_BLI,PKHL_15 220831_201030_BN025_033,PolypDB
0.06225198412698413,19327,1,3.2584868715523476,528,588,Kvasir,cju2mh8t6p07008350e01tx2a,5_benchmark
0.06968428497942387,108373,1,4.371195642612749,1080,1440,PolypGen_C3,C3_EndoCV2021_00154,PolypGen
0.02079957561728395,8626,1,3.5208135023347347,576,720,PolypDB_WLI,1ca85e80-fe70-4579-8503-fb73f8bc0450,PolypDB
0.03487908291457287,44422,1,3.9712424488502167,995,1280,PolypDB_WLI,HMUH_08 200822_200813_BN030_005,PolypDB
0.0269775390625,11934,1,3.4693346147158812,576,768,PolypDB_WLI,7002fbda-e58c-4f95-92e1-ad122a66e83f,PolypDB
0.005054012345679012,2096,1,3.4948161503082757,576,720,PolypDB_WLI,c654e0c6-a3d7-4458-aa86-021a17df9b55,PolypDB
0.023278356481481483,9654,1,3.2568392749627684,576,720,PolypDB_WLI,2b3e3d79-0b91-47a7-bdaa-eed3fb1de58c,PolypDB
0.06264596193415638,97427,1,3.7003458581160755,1080,1440,PolypGen_C3,C3_EndoCV2021_00112,PolypGen
0.041693793402777776,4611,1,3.3723909473368696,288,384,benchmark_train,329,5_benchmark
0.18029905492898915,276247,1,3.0746279472225524,1064,1440,PolypGen_C2,EndoCV2021_001126,PolypGen
0.1742259837962963,72255,1,3.4597840663780777,576,720,PolypDB_WLI,0cedb698-d294-4a09-9e6c-8cb7540af86c,PolypDB
0.0737598560474537,32629,1,3.615024932353809,576,768,PolypDB_WLI,ac3a3656-aa77-4ef4-8b4d-827b44a8cf7e,PolypDB
0.021864792713567838,27847,1,3.3917764558035333,995,1280,PolypDB_WLI,HMUH_06 200731_200724_BN063_007,PolypDB
0.13947663483796297,15425,2,3.3817126381310683,288,384,benchmark_train,415,5_benchmark
0.044625471105527635,56835,1,3.5486439668722967,995,1280,PolypDB_WLI,HMUH_06 200731_200720_BN024_001,PolypDB
0.4500541687011719,589895,1,3.3370387371941774,1024,1280,PolypDB_WLI,9d56a2db-a57f-4f21-8357-f53958c80e10,PolypDB
0.14552072168631655,45619,1,3.5723306964018318,504,622,Kvasir,cju7crgxa28550755wbsgqkel,5_benchmark
0.007405598958333333,819,1,3.249682880284837,288,384,benchmark_train,53,5_benchmark
0.03779174498746867,57903,1,3.7734214511041912,1064,1440,PolypGen_C2,EndoCV2021_001266,PolypGen
0.07243205574912892,20788,1,3.349968888076993,500,574,CVC-ColonDB,17,5_benchmark
0.03233506944444445,14304,1,3.3779452853139404,576,768,PolypDB_WLI,91271ed8-66ff-4bb9-8ff8-cdb08a5e11df,PolypDB
0.20616284547738695,262569,1,3.2688356478264,995,1280,PolypDB_WLI,HMUH_09 200908_200828_BN046_002,PolypDB
0.06932011357060185,30665,1,3.6376251624680567,576,768,PolypDB_WLI,65e66381-879f-411f-8d59-1e437e68e1cb,PolypDB
0.06102611400462963,26996,1,3.3230963263752606,576,768,PolypDB_WLI,8f846bfd-2448-4a2f-9b3f-c872c70c6947,PolypDB
0.06772377512562815,86253,2,3.605859941953626,995,1280,PolypDB_WLI,HMUH_09 200908_200827_BN038_008,PolypDB
0.22670832894475068,77488,2,3.035564613900327,546,626,Kvasir,cju7ajnbo1gvm098749rdouk0,5_benchmark
0.028826947236180903,36714,2,4.634438375899589,995,1280,PolypDB_WLI,HMUH_06 200731_200716_BN004_008,PolypDB
0.04901123046875,21681,1,3.742070292386637,576,768,PolypDB_WLI,7b2e77eb-41be-4768-a291-eb1013215d53,PolypDB
0.030477351916376308,8747,1,3.507068719720664,500,574,CVC-ColonDB,69,5_benchmark
0.17462610315393517,77249,2,4.526204858659904,576,768,PolypDB_WLI,1cb9440e-784e-4ea5-bc57-2195a893ee01,PolypDB
0.03636699120603015,46317,1,3.4941989398251954,995,1280,PolypDB_WLI,HMUH_06 200731_200728_BN075_003,PolypDB
0.05216772762345679,21635,1,3.6304695982981667,576,720,PolypDB_WLI,ea91c2f7-86ba-4cd5-906c-bf172920f906,PolypDB
0.046275951244212965,20471,1,3.3478499228159535,576,768,PolypDB_WLI,43c0cce6-99c7-4f29-a4e8-e66cf208fd52,PolypDB
0.052629726080246915,109133,1,3.6657774463488493,1080,1920,PolypGen_C5,EndoCV2021_C5_50000252,PolypGen
0.08396629050925926,9286,1,3.331123146852087,288,384,benchmark_train,433,5_benchmark
0.08796537422839507,36481,1,3.6753926509141746,576,720,PolypDB_WLI,8b300358-2245-4dff-bc6e-9c2f277c2dd9,PolypDB
0.09697129991319445,42897,2,4.417816079170062,576,768,PolypDB_WLI,cf948271-138f-4a46-8556-768617d8bb72,PolypDB
0.0,0,0,0.0,1080,1920,PolypGen_C4,14_endocv2021_positive_230,PolypGen
0.006942033179012346,2879,1,3.5410557183831894,576,720,PolypDB_WLI,80195b51-6d54-4a6f-baa7-1af73af8b8d2,PolypDB
0.7187133401005354,236484,2,2.634196980110791,529,622,benchmark_train,cju8doa16u5gh0818w1ywda3q,5_benchmark
0.11243353949652778,49737,1,4.210423657096094,576,768,PolypDB_WLI,7720c0f0-5ed9-43e2-92fe-bd83ebbefb5b,PolypDB
0.19230082947530863,79751,1,3.5127205540145816,576,720,PolypDB_WLI,6ccb7d9b-39e1-488a-a648-f0af72e173b7,PolypDB
0.1318358423462925,43297,1,3.4073545825029066,528,622,benchmark_train,cju84gpefknwm098714oq8q61,5_benchmark
0.09611545138888888,39861,1,3.991942015433816,576,720,PolypDB_WLI,703ab231-cc91-4181-a793-3facc02c787e,PolypDB
0.20291294273419397,61300,1,4.329767202142259,530,570,Kvasir,cju2top2ruxxy0988p1svx36g,5_benchmark
0.10941116898148148,48400,1,3.604545438161157,576,768,PolypDB_WLI,677d027e-48d5-40d2-bbb8-ddf65abcf00c,PolypDB
0.05408998115577889,68889,1,3.5318706701372067,995,1280,PolypDB_FICE,HMUH_15 201129_201119_BN005_004,PolypDB
0.006197659187898762,7334,1,3.6081785596651508,966,1225,ETIS-LaribPolypDB,169,5_benchmark
0.04934353298611111,5457,1,3.330106511120247,288,384,benchmark_train,202,5_benchmark
0.027375096450617285,11353,2,3.9417943929261905,576,720,PolypDB_WLI,8c199dca-c19f-4609-a243-1ed2ac9c61f6,PolypDB
0.06895336055276383,87819,4,3.9042634379513044,995,1280,PolypDB_WLI,HMUH_09 200908_200825_BN023_001,PolypDB
0.10782424812030075,165204,1,3.9315743649904413,1064,1440,PolypGen_C2,EndoCV2021_001286,PolypGen
0.2137041859567901,443137,1,3.363450854459823,1080,1920,PolypGen_C5,EndoCV2021_C5_50000147,PolypGen
0.12820331658261871,43549,3,4.466083276150084,547,621,benchmark_train,cju2ma647l0nj0993ot4deq2q,5_benchmark
0.010184668989547039,2923,1,3.8102441472844815,500,574,CVC-ColonDB,368,5_benchmark
0.07193558304398148,31822,1,3.341046511557598,576,768,PolypDB_WLI,9a7cc66a-1b6d-406c-b5d9-dba877c66672,PolypDB
0.06113379396984925,77860,2,4.3901452311782,995,1280,PolypDB_WLI,HMUH_06 200731_200716_BN004_005,PolypDB
0.11348017939814815,50200,1,3.4054356444297538,576,768,PolypDB_WLI,91e50b42-7199-45f1-81ed-94f30157c3f4,PolypDB
0.22682243209399758,77527,1,3.620212313142051,546,626,benchmark_train,cju8c3xs7sauj0801ieyzezr5,5_benchmark
0.29755385177071925,84760,1,3.383301918303706,498,572,PolypGen_C1,510OLCV1_100S0009,PolypGen
0.007038327526132405,2020,1,3.426454951835261,500,574,CVC-ColonDB,83,5_benchmark
0.007644599303135888,2194,1,4.227142314254903,500,574,CVC-300,206,5_benchmark
0.023943544238683126,37237,1,3.591252075358716,1080,1440,PolypGen_C3,C3_EndoCV2021_00444,PolypGen
0.01392505787037037,5775,1,3.289758431508802,576,720,PolypDB_WLI,8f4f6697-418c-4a0a-96ff-bd5fd0e6fc44,PolypDB
0.060390232412060305,76913,1,4.088962967479479,995,1280,PolypDB_WLI,HMUH_07 200808_200803_BN022_007,PolypDB
0.066665358040201,84905,1,3.2911825561754062,995,1280,PolypDB_WLI,HMUH_09 200908_200820_BN013_004,PolypDB
0.16531521413596886,44159,1,3.6309052909937565,530,504,benchmark_train,cju42nm68lpyo0818xvvqmupq,5_benchmark
0.027912326388888888,57879,1,4.543176932884189,1080,1920,PolypGen_C5,EndoCV2021_C5_50000206,PolypGen
0.08853073559670782,137683,1,3.802654361262468,1080,1440,PolypGen_C3,C3_EndoCV2021_00122,PolypGen
0.07429108796296297,8216,1,3.486236636499896,288,384,benchmark_train,160,5_benchmark
0.046220163316582914,58866,1,3.7094561757047866,995,1280,PolypDB_WLI,HMUH_09 200908_200828_BN045_003,PolypDB
0.019434907139959188,6419,1,3.2576679420327603,531,622,benchmark_train,cju8b542nr81x0871uxnkm9ih,5_benchmark
0.027071277006172838,11227,1,3.42590061213942,576,720,PolypDB_WLI,93a889c3-be93-4ed3-8b2b-178604e41776,PolypDB
0.044453938802083336,19665,1,3.6439626901568336,576,768,PolypDB_WLI,d713d01b-e82a-4c38-b4ef-25d5f1e7889b,PolypDB
0.2856377495659722,126357,1,3.702168957393168,576,768,PolypDB_WLI,1747376d-5d9f-4e15-a7fb-86b5c858d60d,PolypDB
0.08688991834170855,110663,1,3.369802060863129,995,1280,PolypDB_WLI,HMUH_08 200822_200813_BN031_005,PolypDB
0.05188802083333333,21519,1,3.9129188995214936,576,720,PolypDB_WLI,feef6a9d-2962-408e-9a4c-ff09cfbf97f0,PolypDB
0.2146841710621574,66425,2,4.6909469079116555,528,586,Kvasir,cju40m0rjkpw80871z6n6yg1u,5_benchmark
0.050349633487654324,20881,1,3.3078990467549443,576,720,PolypDB_WLI,d80fb8ef-3fe3-42a8-a51c-9b9704f9d272,PolypDB
0.34029317876344084,405085,1,2.9318284698420394,930,1280,PolypDB_LCI,PKHL_15 220831_201223_BN033_033,PolypDB
0.010606271777003485,3044,1,3.788121971871155,500,574,CVC-ColonDB,344,5_benchmark
0.12386316872427984,192632,1,3.406253570148374,1080,1440,PolypGen_C3,C3_EndoCV2021_0011,PolypGen
0.003372757523148148,373,2,3.469128320001279,288,384,CVC-ClinicDB,559,5_benchmark
0.006462191358024691,2680,1,3.341786480610819,576,720,PolypDB_WLI,0a041532-ae69-4e23-a29e-40e8fe83fe72,PolypDB
0.030459104938271604,12632,1,3.3988132335736285,576,720,PolypDB_NBI,ckcbpttsk024l0y4h6d443eg5,PolypDB
0.10511670524691358,43594,1,3.3861489019533093,576,720,PolypDB_WLI,e2a11daa-ea85-4a5c-ba2f-2c619514cd02,PolypDB
0.12610677083333333,52299,1,3.572525704086064,576,720,PolypDB_WLI,853e8bd4-4799-4c14-828a-370a7c0b5501,PolypDB
0.06903030778894473,87917,1,3.7368298961851676,995,1280,PolypDB_WLI,HMUH_07 200808_200805_BN037_001,PolypDB
0.11334327889447236,144354,2,3.6032055329580737,995,1280,PolypDB_WLI,HMUH_06 200731_200720_BN025_002,PolypDB
0.10215024594907407,45188,1,3.434087035968653,576,768,PolypDB_WLI,9fad1adc-8526-4d74-a8fe-8c23a1af1cce,PolypDB
0.19626157407407407,406968,1,2.5143413189390693,1080,1920,PolypGen_C5,EndoCV2021_C5_50000144,PolypGen
0.027454459798994975,34966,1,3.492128389485188,995,1280,PolypDB_WLI,HMUH_08 200822_200814_BN036_002,PolypDB
0.05773867595818815,16571,1,3.4724272931534217,500,574,CVC-ColonDB,22,5_benchmark
0.14598479094328703,64579,1,3.281862572391817,576,768,PolypDB_WLI,83430234-1e5f-45e3-b5fd-9a8f536eb024,PolypDB
0.13882860725308643,57575,1,5.142782821664283,576,720,PolypDB_WLI,7a5680be-0ccd-4854-9869-b15d0d9c2e44,PolypDB
0.10531539351851851,218382,1,4.827593288576065,1080,1920,PolypGen_C6,EndoCV2021_C6_0100017,PolypGen
0.14860930266203703,16435,1,3.354158629293019,288,384,benchmark_train,508,5_benchmark
0.06441229423868312,100174,1,3.412292458012561,1080,1440,PolypGen_C3,C3_EndoCV2021_00313,PolypGen
0.015275366512345678,6335,1,3.781753177984058,576,720,PolypDB_WLI,e4333ccc-e263-409f-91ab-9ff575bbe2b3,PolypDB
0.09750963698383205,140644,2,4.823674132157338,1070,1348,benchmark_train,cju2ueb6j5ado0878vf5md13o,5_benchmark
0.10221113040123457,42389,1,4.288783425605125,576,720,PolypDB_WLI,1b68cd85-21bd-4b56-961e-8ce0d691b878,PolypDB
0.15128220709771512,44811,1,3.5618778840073735,528,561,benchmark_train,cju5bmhdcafs909878qfzrqzi,5_benchmark
0.00285108024691358,5912,1,3.368468928968838,1080,1920,PolypGen_C5,EndoCV2021_C5_50000228,PolypGen
0.06363991769547325,92787,2,6.184966196789829,1080,1350,PolypGen_C1,491OLCV1_100H0004,PolypGen
0.23014471879286694,335551,1,4.269183742300703,1080,1350,PolypGen_C1,150OLCV1_100H0016,PolypGen
0.20858088991769547,324385,2,3.409720989284732,1080,1440,PolypGen_C3,C3_EndoCV2021_00334,PolypGen
0.01979347511574074,2189,1,3.248782954635026,288,384,CVC-ClinicDB,61,5_benchmark
0.006535804020100502,8324,1,3.3649013388830493,995,1280,PolypDB_WLI,HMUH_08 200822_200817_BN049_002,PolypDB
0.010164609053497942,14820,1,3.4007619728867726,1080,1350,PolypGen_C1,201OLCV1_100H0018,PolypGen
0.09426158133054685,30310,1,3.296999806994106,528,609,benchmark_train,cju2suk42469908015ngmq6f2,5_benchmark
0.04813187210648148,21292,1,3.3580553350904294,576,768,PolypDB_WLI,f2f626bb-81a5-48b6-bade-ec7783df0c97,PolypDB
0.07922710905349795,123214,1,4.515431278041464,1080,1440,PolypGen_C3,C3_EndoCV2021_0032,PolypGen
0.0920644718792867,134230,1,3.507343740373207,1080,1350,PolypGen_C1,673OLCV1_100H0010,PolypGen
0.05345766129032258,63636,1,3.4487984472510584,930,1280,PolypDB_LCI,PKHL_15 220831_201212_BN043_047,PolypDB
0.17846733668341708,227296,1,3.658057966970817,995,1280,PolypDB_WLI,HMUH_06 200731_200723_BN056_004,PolypDB
0.03127911971714635,9466,1,3.576810974803669,530,571,benchmark_train,cju30ov1oah920801mi8thuyg,5_benchmark
0.030671296296296297,3392,1,3.2623133377672144,288,384,benchmark_train,180,5_benchmark
0.005832752613240418,1674,1,3.4950894892514555,500,574,CVC-ColonDB,89,5_benchmark
0.057185570987654324,23716,1,3.435064912759319,576,720,PolypDB_WLI,8f892833-6f86-4517-84f8-040f6ac3a7f6,PolypDB
0.08799008969907407,38924,1,3.2743400775448976,576,768,PolypDB_WLI,6e8c4aac-2147-4d6a-819a-b41015ee6cde,PolypDB
0.0645343828320802,98877,1,3.3042120114231497,1064,1440,PolypGen_C2,EndoCV2021_001008,PolypGen
0.0,0,0,0.0,1080,1920,PolypGen_C6,EndoCV2021_C6_0100088,PolypGen
0.08713102896364923,28308,1,3.2332873539573748,530,613,benchmark_train,cju5wuhm1lwm40987vugqn3vv,5_benchmark
0.08374807098765433,34732,1,3.2248504064633523,576,720,PolypDB_NBI,a754ec8c-2194-4c09-9901-376e94eac74c,PolypDB
0.027513292100694444,12171,1,3.6076129476036325,576,768,PolypDB_WLI,2b195130-4150-43f7-88b4-d36218cb508a,PolypDB
0.026355131172839507,10930,1,3.663436674797002,576,720,PolypDB_WLI,b6a051b8-e241-4929-84fb-04585e43fa60,PolypDB
0.08571807484567902,177745,1,4.741481896274027,1080,1920,PolypGen_C5,EndoCV2021_C5_50000337,PolypGen
0.05179398148148148,5728,2,4.611305726096474,288,384,CVC-ClinicDB,561,5_benchmark
0.14840167979861107,50816,1,3.495634181357378,547,626,benchmark_train,cju7dn24o296i09871qfxb8s2,5_benchmark
0.023600260416666668,2610,1,3.66033929666081,288,384,CVC-ClinicDB,529,5_benchmark
0.028853202160493828,11966,1,3.601817622489149,576,720,PolypDB_WLI,04170fff-9dc8-4b50-8baa-e59cd82e159f,PolypDB
0.5681639231824417,828383,1,3.6103721443007513,1080,1350,PolypGen_C1,608OLCV1_100H0012,PolypGen
0.16026957947530865,66467,1,3.5878864702998636,576,720,PolypDB_WLI,db7b54bf-e5bd-4a29-848f-aa69b816f399,PolypDB
0.013627829218106995,21194,1,3.7298671343274385,1080,1440,PolypGen_C3,C3_EndoCV2021_00364,PolypGen
0.0315210262345679,65362,2,4.799344165488895,1080,1920,PolypGen_C5,EndoCV2021_C5_50000378,PolypGen
0.42494057040727523,145509,2,2.18635722225644,547,626,benchmark_train,cju6z1bzbwfq50817b2alatvr,5_benchmark
0.05252640335648148,5809,2,4.487199846241075,288,384,benchmark_train,557,5_benchmark
0.24395693682713793,76864,2,3.0153989910330243,547,576,benchmark_train,cju1fj6axwfp30835ukhuzhw9,5_benchmark
0.010847989949748744,13816,1,3.547683670628027,995,1280,PolypDB_WLI,HMUH_08 200822_200817_BN049_009,PolypDB
0.007687114197530864,3188,2,4.994476157722781,576,720,PolypDB_WLI,7b21fcd9-318b-4141-b834-5d6ab3d529c8,PolypDB
0.030570023148148148,12678,1,3.43704792193967,576,720,PolypDB_WLI,ce3606c6-b0e0-409e-83be-350a7cb6d1d2,PolypDB
0.5499336207736529,180607,2,3.021327010859592,528,622,benchmark_train,cju77afzlz3kp07550x5nafzs,5_benchmark
0.27642023533950616,114637,1,3.5855540972986057,576,720,PolypDB_WLI,dcd11c80-562c-4a66-89bd-ea692fbcae76,PolypDB
0.0677814715909435,22387,1,3.8162617609055,531,622,benchmark_train,cju2z9vlp9j0w0801oag91sy9,5_benchmark
0.005245760050251257,6681,1,3.4990108722400612,995,1280,PolypDB_WLI,HMUH_06 200731_200720_BN025_007,PolypDB
0.16876672815393517,74657,1,4.201521780978868,576,768,PolypDB_WLI,6cfb2ae2-0d49-461c-905b-08c6222dbde0,PolypDB
0.01886760752688172,22460,1,3.996887676155373,930,1280,PolypDB_BLI,PKHL_15 220831_201026_BN032_033,PolypDB
0.04958315248842592,21934,1,3.3085458502467877,576,768,PolypDB_WLI,ec260a3f-a139-4b2a-9183-068655ebe0ad,PolypDB
0.013472945601851851,1490,1,3.341923966395738,288,384,benchmark_train,27,5_benchmark
0.018907820351758794,24081,1,3.357379711303981,995,1280,PolypDB_WLI,HMUH_08 200822_200820_BN067_003,PolypDB
0.12322996515679442,35367,1,4.222030719482845,500,574,CVC-ColonDB,296,5_benchmark
0.012771337365591398,15203,1,3.3657623299522794,930,1280,PolypDB_LCI,PKHL_15 220831_201223_BN023_020,PolypDB
0.21446397569444445,23718,1,3.5842644315717194,288,384,CVC-ClinicDB,349,5_benchmark
0.14916011929787681,272469,1,3.4196343485325347,1072,1704,PolypGen_C2,EndoCV2021_001232,PolypGen
0.042233449477351914,12121,1,3.369804299419362,500,574,CVC-ColonDB,175,5_benchmark
0.23068287037037036,358758,1,3.3507850926584393,1080,1440,PolypGen_C3,C3_EndoCV2021_00130,PolypGen
0.02986427589699074,13211,1,3.3582997305579925,576,768,PolypDB_WLI,1dfdb283-78f0-4989-a35e-3cbe52bfa10e,PolypDB
0.016046971450617283,6655,3,5.95747507528376,576,720,PolypDB_WLI,02bb84bf-1a2e-476f-a7df-f36072bf51f9,PolypDB
0.0149975887345679,31099,2,5.069490390455936,1080,1920,PolypGen_C5,EndoCV2021_C5_50000181,PolypGen
0.2717271505376344,323464,1,3.708203868008682,930,1280,PolypDB_BLI,PKHL_15 220831_201026_BN038_003,PolypDB
0.1322729766803841,192854,1,3.9371382658500096,1080,1350,PolypDB_NBI,100H0015,PolypDB
0.012745760050251256,16233,3,5.68249638955079,995,1280,PolypDB_WLI,HMUH_06 200731_200723_BN057_003,PolypDB
0.15357417501161955,181732,1,3.3825915241119398,966,1225,ETIS-LaribPolypDB,173,5_benchmark
0.2370697021484375,310732,1,3.7224177471917157,1024,1280,PolypGen_C2,EndoCV2021_001118,PolypGen
0.1259426540798611,55713,1,3.5291224489189035,576,768,PolypDB_WLI,8c450b74-cdcb-47a5-8f9e-b42c450b6ae6,PolypDB
0.021585365853658535,6195,1,3.316040655446756,500,574,CVC-ColonDB,9,5_benchmark
0.052278104713947705,17234,1,3.2069268089305183,530,622,benchmark_train,cju31rb7vb6110801p9rhacuw,5_benchmark
0.025245949074074073,2792,1,3.860756863866868,288,384,benchmark_train,608,5_benchmark
0.05250628140703518,66872,1,3.600207424505961,995,1280,PolypDB_WLI,HMUH_07 200808_200728_BN004_002,PolypDB
0.10232555402943275,156523,2,4.37530149745197,1063,1439,PolypGen_C2,EndoCV2021_001194,PolypGen
0.08855834610337772,183369,1,3.306741866918129,1079,1919,PolypGen_C2,EndoCV2021_001114,PolypGen
0.1504418825112382,49196,1,3.859302904398208,530,617,benchmark_train,cju7b1ygu1msd0801hywhy0mc,5_benchmark
0.4281021500588718,129801,2,3.4056933580120274,531,571,benchmark_train,cju2qdj95ru8g09886gfi9rsz,5_benchmark
0.04969135802469136,20608,1,3.169519811943515,576,720,PolypDB_WLI,932aa0fd-2681-4a0b-b89a-07b226e178e7,PolypDB
0.02294921875,10152,1,3.6622716688312766,576,768,PolypDB_WLI,3d831d84-6245-41ba-976f-8830fd0c1152,PolypDB
0.007614776234567901,3158,1,3.4699925374341847,576,720,PolypDB_WLI,0c006653-2c42-4451-92c6-0ec154274ec3,PolypDB
0.040640603566529494,59254,1,3.179670534266366,1080,1350,PolypGen_C1,649OLCV1_100H0006,PolypGen
0.1728500828950604,43580,2,3.6405749564394383,483,522,benchmark_train,cju5x7iskmad90818frchyfwd,5_benchmark
0.10999678497942386,171067,2,4.639720873169058,1080,1440,PolypGen_C3,C3_EndoCV2021_00149,PolypGen
0.02620905923344948,7522,1,3.4590320431342514,500,574,CVC-ColonDB,41,5_benchmark
0.07385025024414063,96797,1,3.294525817325747,1024,1280,PolypDB_WLI,0d56a36a-c0de-452c-876b-46dff3d39bc6,PolypDB
0.04708935301507538,59973,1,3.270804807155028,995,1280,PolypDB_WLI,HMUH_07 200808_200803_BN022_008,PolypDB
0.015922379032258065,18954,1,3.3775556361800896,930,1280,PolypDB_LCI,PKHL_15 220831_201217_BN016_013,PolypDB
0.02464916087962963,2726,1,3.1793998834134976,288,384,CVC-ClinicDB,425,5_benchmark
0.04261610243055555,18852,1,3.539627418500642,576,768,PolypDB_WLI,e23334b6-e02a-41fd-baca-f02a3285be1a,PolypDB
0.026847518844221107,34193,1,4.02350300536162,995,1280,PolypDB_WLI,HMUH_06 200731_200728_BN080_002,PolypDB
0.16409143518518518,68052,1,3.4768570786099273,576,720,PolypDB_WLI,fa405239-0b03-4ea0-8e19-b4ab7f362ef6,PolypDB
0.02608209386149928,8582,1,3.313935990749633,529,622,benchmark_train,cju8brv16rx7f0818uf5n89pv,5_benchmark
0.02992091049382716,46533,2,3.439722260452357,1080,1440,PolypGen_C3,C3_EndoCV2021_00247,PolypGen
0.1453462577160494,60278,1,3.5069028306239054,576,720,PolypGen_C3,C3_EndoCV2021_00495,PolypGen
0.010096204051796157,15469,2,3.577905681303026,1064,1440,PolypGen_C2,EndoCV2021_001109,PolypGen
0.07276779136584648,23706,1,3.9683691738400695,528,617,benchmark_train,cju0rx1idathl0835detmsp84,5_benchmark
0.09269627700617283,192215,1,3.4190700118388286,1080,1920,PolypGen_C4,26_endocv2021_positive_1156,PolypGen
0.08068576388888889,33462,1,3.362011277997877,576,720,PolypDB_WLI,af7ce417-816a-46d0-9d4f-3a66b05b8002,PolypDB
0.03998900753768844,50930,2,5.4945843539906285,995,1280,PolypDB_WLI,HMUH_09 200908_200819_BN006_003,PolypDB
0.1299506293402778,57486,1,3.7120084789302807,576,768,PolypDB_WLI,17401023-dc24-4fbc-88c2-2c2a5281abe4,PolypDB
0.09993248456790123,41444,1,3.4826946641741188,576,720,PolypDB_WLI,0edc6d1b-f23b-48aa-adea-4610f2f8bceb,PolypDB
0.0378739070409572,11522,1,3.325862394740606,530,574,benchmark_train,cju5klveuff6w0871wbibgh3m,5_benchmark
0.4703344947735192,134986,1,3.576440464598814,500,574,CVC-ColonDB,322,5_benchmark
0.22615499614197532,93791,1,3.6473092538953527,576,720,PolypDB_WLI,7f5ab0e5-69ba-4db6-95cc-577711d78103,PolypDB
0.15187355324074073,67184,1,3.3063428958649226,576,768,PolypDB_WLI,7ddc9557-94ee-4316-b838-86e6eb2d7bc6,PolypDB
0.14600061487268517,64586,1,3.3170985830142348,576,768,PolypDB_WLI,1da5a135-6978-4ea7-b978-4f0102e9bc88,PolypDB
0.09371400198609732,28311,1,3.280661864474503,530,570,Kvasir,cju7bd1qu1mx409877xjxibox,5_benchmark
0.046297895728643214,58965,1,3.5498509024075147,995,1280,PolypDB_WLI,HMUH_08 200822_200812_BN028_012,PolypDB
0.031871284315439764,58327,1,3.6603064193388595,1064,1720,PolypGen_C2,EndoCV2021_001017,PolypGen
0.0361304012345679,14984,1,3.3004068466268768,576,720,PolypDB_WLI,7495ea6f-48fc-409d-a34f-794c5b378e1d,PolypDB
0.05219907407407407,21648,1,3.68375207899122,576,720,PolypDB_WLI,86adb18a-3768-4b1c-927e-077600a14847,PolypDB
0.03656910083912037,16177,1,3.2550026386264888,576,768,PolypDB_WLI,1a85d2ef-9b96-4752-ba99-e6311908a749,PolypDB
0.012229938271604937,25360,1,4.28262203616813,1080,1920,PolypGen_C5,EndoCV2021_C5_50000179,PolypGen
0.054759736180904524,69742,1,3.729829933957131,995,1280,PolypDB_WLI,HMUH_06 200731_200728_BN071_005,PolypDB
0.031473795572916664,13923,1,3.449276376195045,576,768,PolypDB_WLI,44d16d65-e74a-439f-9e97-05787ec0bf1b,PolypDB
0.017077054929825735,5619,1,3.5885810393549282,529,622,benchmark_train,cju2wxv0hxs2f09884w48v8fi,5_benchmark
0.43443700396825397,665627,1,3.4062230321519578,1064,1440,PolypGen_C2,EndoCV2021_001419,PolypGen
0.07832600502512563,99756,1,4.027333518695143,995,1280,PolypDB_FICE,HMUH_15 201129_201114_BN001_002,PolypDB
0.0489829720708159,57964,1,3.547142983376229,966,1225,ETIS-LaribPolypDB,160,5_benchmark
0.04722463348765432,19585,1,3.8371828491036863,576,720,PolypDB_WLI,8504135b-ca30-4247-b2d3-b98e788533d7,PolypDB
0.08502392344497607,21324,1,3.7664165508157934,528,475,benchmark_train,cju85bf1algsq0871y9gtlq97,5_benchmark
0.18682002314814813,77478,1,3.7435058548188875,576,720,PolypDB_WLI,1c4da126-3eee-4860-b3bd-ba248b74143f,PolypDB
0.29301215277777776,121518,1,4.007523690076491,576,720,PolypDB_WLI,8bc520b4-deb9-499d-9ff9-ff70483fed3d,PolypDB
0.00555419921875,2457,1,3.389274114569227,576,768,PolypDB_NBI,b6ba1731-4e55-4337-82b6-14af5450753b,PolypDB
0.01343798225308642,5573,2,5.130435672554355,576,720,PolypDB_WLI,80240fa8-73d1-4969-9ddb-3702feb31d8b,PolypDB
0.033355841708542715,42482,2,3.4641423694952436,995,1280,PolypDB_WLI,HMUH_06 200731_200730_BN082_003,PolypDB
0.009944058641975308,4124,1,3.2856637796202626,576,720,PolypDB_NBI,de9d3973-606f-484c-beea-3468999c78dc,PolypDB
0.028715910734953703,12703,1,3.3183214111877986,576,768,PolypDB_WLI,02170780-45fb-482a-bc86-4be8cc941687,PolypDB
0.04885368441358025,101303,1,3.6697095155027615,1080,1920,PolypGen_C5,EndoCV2021_C5_50000254,PolypGen
0.035198606271777004,10102,1,3.8902102247487367,500,574,CVC-ColonDB,118,5_benchmark
0.07702713952713952,25907,1,3.2866019363326897,546,616,benchmark_train,cju77bvg0yv4r0987yh60xmjo,5_benchmark
0.052399811921296294,5795,1,3.205258794638865,288,384,benchmark_train,337,5_benchmark
0.04878969545717592,21583,1,3.587192698116034,576,768,PolypDB_WLI,1355f996-e55e-4195-8bdb-538ada8c94c9,PolypDB
0.02734326774691358,56699,1,3.4731041589994094,1080,1920,PolypGen_C5,EndoCV2021_C5_50000304,PolypGen
0.11821608040201005,150560,1,3.7781497378787927,995,1280,PolypDB_WLI,HMUH_06 200731_200724_BN062_007,PolypDB
0.023105197482638888,10221,1,3.5213022120304482,576,768,PolypDB_WLI,10160938-bdf3-4d0c-81da-0e7e6b2533c1,PolypDB
0.184198606271777,52865,1,3.5490003207130973,500,574,CVC-ColonDB,171,5_benchmark
0.019213436616973594,6310,1,3.1975624228157327,528,622,benchmark_train,cju5k7r0yf98c09878csbxb4d,5_benchmark
0.010409432870370371,4317,1,3.8353898080386863,576,720,PolypDB_WLI,c4989298-f500-4465-b19c-f85b11ffee03,PolypDB
0.030367462311557788,38676,1,3.4373671162562096,995,1280,PolypDB_WLI,HMUH_07 200808_200803_BN023_001,PolypDB
0.007788904381628428,9217,1,3.5310583962359723,966,1225,ETIS-LaribPolypDB,135,5_benchmark
0.137451171875,15201,1,4.469053109995534,288,384,benchmark_train,277,5_benchmark
0.6168334938022659,203729,2,3.232428030772888,531,622,benchmark_train,cju2sszfq3uye0878sucelzk2,5_benchmark
0.04339313271604938,17996,1,4.107367887626777,576,720,PolypDB_WLI,6823332c-1c6b-46d3-a12d-e544286ae0c2,PolypDB
0.006391782407407408,13254,1,3.622117779674628,1080,1920,PolypGen_C5,EndoCV2021_C5_50000208,PolypGen
0.06543872974537036,7237,1,3.3854249950931683,288,384,benchmark_train,430,5_benchmark
0.020013503086419752,8300,1,3.556361984629823,576,720,PolypDB_WLI,0808e645-2e8a-4efe-b85d-761dc9a6dd44,PolypDB
0.10086517333984375,132206,2,4.98622899891976,1024,1280,PolypGen_C2,EndoCV2021_001292,PolypGen
0.04746479552469136,98423,2,4.813141689673004,1080,1920,PolypGen_C5,EndoCV2021_C5_50000221,PolypGen
0.31651055501188313,104144,2,2.764061653558875,529,622,benchmark_train,cju5boicjagt20871b1fotkh4,5_benchmark
0.009594425154320988,3979,1,3.329141988400236,576,720,PolypDB_WLI,8d97c33a-7063-4b06-967e-eaf158b2cbbf,PolypDB
0.018564332561728396,7699,2,4.855035774152012,576,720,PolypDB_WLI,7d7fd87c-3ef5-4528-ba35-efa51b4ba1fb,PolypDB
0.1654128086419753,68600,1,4.108187074282992,576,720,PolypDB_WLI,6760ada6-73a3-4fa3-9045-c5dfdf9ae813,PolypDB
0.0,0,0,0.0,1080,1920,PolypGen_C4,16_endocv2021_positive_328,PolypGen
0.04758029513888889,21048,1,3.2327150282983967,576,768,PolypDB_WLI,28250ff2-b011-4a6a-a938-366cd3de5821,PolypDB
0.07566837235073288,25538,1,3.829640242284978,547,617,benchmark_train,cju33w4sdcivk0855x879zht7,5_benchmark
0.039303548994974874,50057,1,3.423705170135533,995,1280,PolypDB_WLI,HMUH_06 200731_200723_BN050_003,PolypDB
0.056306061921296294,6227,2,4.612771537386924,288,384,benchmark_train,552,5_benchmark
0.19039834104938272,78962,1,3.56225501041198,576,720,PolypDB_WLI,7897f87c-4493-4d76-adc9-c4641888664b,PolypDB
0.2517626350308642,104411,1,3.6177735744532113,576,720,PolypDB_NBI,8ec3e048-535a-45ba-a854-7054a7999979,PolypDB
0.03245445979899497,41334,1,3.447976508524548,995,1280,PolypDB_WLI,HMUH_06 200731_200720_BN031_002,PolypDB
0.012527970679012346,25978,1,3.3007206738791655,1080,1920,PolypGen_C5,EndoCV2021_C5_50000339,PolypGen
0.20711604899497488,263783,1,3.5611502949401097,995,1280,PolypDB_WLI,HMUH_06 200731_200720_BN028_001,PolypDB
0.10515679483210776,36008,1,3.493928603347242,547,626,benchmark_train,cju5wcc90lu020850mjrxppv6,5_benchmark
0.01924415870949074,8513,2,6.036898496744005,576,768,PolypDB_WLI,f4a5dbab-2bd8-4d9d-82cb-9c25acef4594,PolypDB
0.13677643696122488,45077,1,3.287592024192618,529,623,benchmark_train,cju5cetivauok0987ok3e5bre,5_benchmark
0.035564847208610084,11721,1,3.3159815966387836,529,623,benchmark_train,cju5uzmaol56l0817flxh4w9p,5_benchmark
0.005026408078759454,5948,1,3.228597168412947,966,1225,ETIS-LaribPolypDB,90,5_benchmark
0.28239069896964636,405626,1,3.396202883268023,1064,1350,PolypDB_NBI,100H0003 (NBI),PolypDB
0.052798514660493824,109483,3,3.348624222930715,1080,1920,PolypGen_C2,EndoCV2021_001236,PolypGen
0.062098122427983536,96575,1,3.404499759956393,1080,1440,PolypGen_C3,C3_EndoCV2021_00222,PolypGen
0.008725766782407407,965,1,4.313612487003558,288,384,PolypGen_C5,EndoCV2021_C5_50000138,PolypGen
0.011492091049382716,4766,2,4.331059628941562,576,720,PolypDB_WLI,0efad162-7fd8-472e-ab4f-c5ed8a7569b4,PolypDB
0.05836226851851852,24204,1,4.441549150982394,576,720,PolypDB_WLI,0a009a95-3a1f-46cf-906c-3606839806d8,PolypDB
0.015170731707317073,4354,1,3.3795637577401636,500,574,CVC-300,187,5_benchmark
0.012218907035175879,15562,1,3.5752148845837226,995,1280,PolypDB_WLI,HMUH_09 200908_200828_BN045_006,PolypDB
0.037251884422110554,47444,1,3.4065381317915704,995,1280,PolypDB_WLI,HMUH_09 200908_200824_BN016_009,PolypDB
0.04818153266331658,61364,1,3.2981106669175566,995,1280,PolypDB_WLI,HMUH_08 200822_200817_BN042_009,PolypDB
0.015608121141975309,6473,1,3.517496116452664,576,720,PolypDB_WLI,6daa106f-4319-4f30-8af3-1bd2cdfbdb5d,PolypDB
0.005611014660493827,2327,1,3.3375491913639315,576,720,PolypDB_WLI,a2bc942a-92f5-43ea-ad0e-179b2ea2134c,PolypDB
0.020518261316872427,31910,1,3.3532305783045095,1080,1440,PolypGen_C3,C3_EndoCV2021_0083,PolypGen
0.040825737847222224,4515,2,3.2443493286010643,288,384,benchmark_train,88,5_benchmark
0.0628910175879397,80098,1,3.5863709219652935,995,1280,PolypDB_WLI,HMUH_08 200822_200817_BN045_001,PolypDB
0.013488618827160494,5594,1,3.302445935091058,576,720,PolypDB_WLI,7703d9a7-0803-4982-b8e3-b4f8e6d226da,PolypDB
0.363524787808642,150761,1,3.932733622936647,576,720,PolypDB_NBI,cf6e0bdc-c4ff-4b09-b242-2d7edcfc412a,PolypDB
0.11017273869346733,140316,1,3.1875039216928096,995,1280,PolypDB_WLI,HMUH_06 200731_200720_BN029_002,PolypDB
0.031575775146484374,41387,1,3.5440781432493464,1024,1280,PolypGen_C2,EndoCV2021_001036,PolypGen
0.10225453317901234,42407,1,3.7294298521660605,576,720,PolypDB_WLI,7002cfd1-b973-4139-8b85-ba2953a84916,PolypDB
0.04469762731481482,18537,1,3.4887823895549746,576,720,PolypDB_WLI,acb51390-f0c2-4f64-a6ec-f4638964048c,PolypDB
0.010120081018518518,4197,1,3.534809317002358,576,720,PolypDB_WLI,a60250fb-826b-4531-80ee-727eccf1fc02,PolypDB
0.019230595341435185,8507,1,3.252617794418256,576,768,PolypDB_WLI,63d293f1-2aa3-494c-95cb-9c6df4d44769,PolypDB
0.07927517361111111,32877,1,3.237367541114656,576,720,PolypDB_WLI,eb0643ce-907d-45a5-8606-8e9018d01922,PolypDB
0.0829184987437186,105605,1,3.566491507165934,995,1280,PolypDB_WLI,HMUH_06 200731_200720_BN024_003,PolypDB
0.1916095370988291,63166,2,3.389986003100434,530,622,benchmark_train,cju7ev2b12owa08500bpfpwyw,5_benchmark
0.0865478515625,38286,1,3.2657343810461965,576,768,PolypDB_WLI,1fd8eace-a737-45ab-b556-d1ade2738612,PolypDB
0.05735496238425926,6343,1,3.339906242239114,288,384,benchmark_train,448,5_benchmark
0.049134355709876544,101885,1,4.686800496670311,1080,1920,PolypGen_C4,24_endocv2021_positive_801,PolypGen
0.02638647762345679,10943,1,3.422274355003004,576,720,PolypDB_WLI,1fc86301-5524-48dc-a889-0d5644a6111e,PolypDB
0.008738425925925926,3624,1,3.405334351131286,576,720,PolypDB_WLI,65c680df-32f3-4c96-b35e-290151aa1526,PolypDB
0.20615415219907407,22799,1,3.32464910398627,288,384,benchmark_train,140,5_benchmark
0.010637860082304527,16544,4,3.5607805900109266,1080,1440,PolypGen_C3,C3_EndoCV2021_00282,PolypGen
0.12045671408743928,155526,2,6.509151297909233,1048,1232,PolypGen_C1,176OLCV1_100H0255,PolypGen
0.03777070473251029,58741,2,3.383320831674499,1080,1440,PolypGen_C3,C3_EndoCV2021_0084,PolypGen
0.0815993031358885,23419,1,4.169044229429323,500,574,CVC-ColonDB,139,5_benchmark
0.04111056857638889,18186,1,3.4110590295315526,576,768,PolypDB_WLI,02e05e0f-5335-4d25-b41b-8f3181fa8941,PolypDB
0.14913937282229967,42803,1,4.147154176318279,500,574,CVC-ColonDB,104,5_benchmark
0.011467978395061728,4756,1,3.3205846278391657,576,720,PolypDB_WLI,1ba267ae-4cae-47d2-b343-7c19730906aa,PolypDB
0.14456741898148148,15988,1,3.5984404782829893,288,384,benchmark_train,317,5_benchmark
0.030680338541666668,3393,1,3.4163404187597175,288,384,benchmark_train,285,5_benchmark
0.02088991769547325,32488,1,3.983482866919083,1080,1440,PolypGen_C3,C3_EndoCV2021_00159,PolypGen
0.07941261574074074,32934,3,4.9041953777462,576,720,PolypDB_WLI,eb2014e2-1706-423a-9d62-88d8483a936a,PolypDB
0.16455982349537038,72796,1,3.376483386684055,576,768,PolypDB_WLI,7f05bd7a-1cd9-42e1-b57d-73eaee86636d,PolypDB
0.08186331918215976,26842,2,2.8015943111567396,528,621,benchmark_train,cju1fuoa4wmc50835qfd11sp9,5_benchmark
0.04199591708542714,53486,1,4.319618836736666,995,1280,PolypDB_WLI,HMUH_07 200808_200805_BN036_004,PolypDB
0.16257957175925927,17980,1,3.3410514770874555,288,384,benchmark_train,494,5_benchmark
0.03519350723823567,12029,1,3.382666194526854,546,626,benchmark_train,cju8b3ka8r64u0801fh18hk7l,5_benchmark
0.010171168341708543,12954,1,3.3387326673277804,995,1280,PolypDB_WLI,HMUH_09 200908_200824_BN019_002,PolypDB
0.018540246582485938,5973,1,3.5711888673267005,513,628,PolypGen_C1,177OLCV1_100S0005,PolypGen
0.00920138888888889,3816,1,3.334748073443379,576,720,PolypDB_WLI,9099e033-42ce-44e3-80fb-9bcc6dbbc52b,PolypDB
0.08179615162037036,36184,2,4.089981158590486,576,768,PolypDB_WLI,8639ae5a-fd4c-438e-87af-9baba671dd23,PolypDB
0.16359230324074073,18092,1,4.557400354232549,288,384,benchmark_train,19,5_benchmark
0.0307469040247678,44492,1,3.6078102695213636,1064,1360,PolypGen_C2,EndoCV2021_001322,PolypGen
0.14271074459876543,59185,1,3.6460094677577457,576,720,PolypDB_WLI,9c75cc3a-e52c-47ec-8b87-bc3a03f31a8b,PolypDB
0.06506799768518519,28784,1,3.8960622199364807,576,768,PolypDB_WLI,99772de2-66b7-475d-966a-1a960a495342,PolypDB
0.05082993090452261,64737,1,3.47043901439161,995,1280,PolypDB_WLI,HMUH_09 200908_200827_BN035_007,PolypDB
0.01600025318287037,7078,1,3.518328827592964,576,768,PolypDB_WLI,2ac9c362-ca03-4e5a-860e-4da024e8ca02,PolypDB
0.08609905478395062,178535,1,4.125111597859258,1080,1920,PolypGen_C5,EndoCV2021_C5_50000027,PolypGen
0.18134932434664816,54889,1,3.3805122997548076,531,570,benchmark_train,cju5udcufki0s09874ll1dbr5,5_benchmark
0.16024052598539665,48500,2,3.641694389139646,531,570,benchmark_train,cju5nxkujgscq0817l9gss626,5_benchmark
0.006964377572016461,10831,1,3.2765748762838265,1080,1440,PolypGen_C3,C3_EndoCV2021_0015,PolypGen
0.13290877680295382,39236,1,3.2310048420474593,530,557,benchmark_train,cju2saez63gxl08559ucjq3kt,5_benchmark
0.08068212365591398,96044,1,3.41067129714342,930,1280,PolypDB_LCI,PKHL_15 220831_201223_BN023_008,PolypDB
0.09108314043209877,37774,1,3.3495348315286875,576,720,PolypDB_NBI,e91d4435-5b34-4b71-9d49-5fd6b0cede26,PolypDB
0.03743954145728643,47683,3,5.829705499181987,995,1280,PolypDB_FICE,HMUH_15 201129_201120_BN007_005,PolypDB
0.08891239872685185,9833,1,4.235515412645354,288,384,benchmark_train,355,5_benchmark
0.055779351128472224,24675,1,3.43131178404308,576,768,PolypDB_WLI,f4f787c7-98bb-4de3-8146-541dbf0d9323,PolypDB
0.012141474971064815,5371,1,3.5204009040613786,576,768,PolypDB_WLI,1a48600c-ab6a-4fc8-93f4-c9c0a807066e,PolypDB
0.2860582139756944,126543,2,4.003049173078798,576,768,PolypDB_WLI,0ef6ab1d-2a5f-47d7-b84c-611a0f26e527,PolypDB
0.1326147762345679,54998,1,4.41333505292761,576,720,PolypDB_WLI,0e328d3a-f844-49ae-a6a7-df47f3441427,PolypDB
0.06938114872685185,7673,1,3.344914462526071,288,384,CVC-ClinicDB,429,5_benchmark
0.16695149739583334,73854,1,3.282296742523722,576,768,PolypDB_WLI,0350d22a-3cb1-4352-97d6-1be0c0b66c53,PolypDB
0.08055284288194445,35634,1,3.4804314102486806,576,768,PolypDB_NBI,4b60ac88-5736-4d5d-8901-cfcd7aaf180b,PolypDB
0.026717574508101853,11819,1,3.7713208869772292,576,768,PolypDB_WLI,138cf22c-43f2-4b32-8adb-250ad3420f3e,PolypDB
0.28438991834170857,362199,1,3.909743830304203,995,1280,PolypDB_WLI,HMUH_08 200822_200801_BN003_014,PolypDB
0.02215350115740741,2450,1,3.252691127743834,288,384,benchmark_train,589,5_benchmark
0.0876648407384865,21605,1,3.394872023658628,530,465,benchmark_train,cju42xpi8lw4w0871ve317a1p,5_benchmark
0.03221752025462963,3563,2,5.243682879123236,288,384,PolypGen_C5,EndoCV2021_C5_50000111,PolypGen
0.041619194878472224,18411,1,3.4564808135215546,576,768,PolypDB_WLI,5eacf929-5298-4d7e-8b18-9b7db724afc7,PolypDB
0.059588477366255145,92672,1,3.3736200899852973,1080,1440,PolypGen_C3,C3_EndoCV2021_00217,PolypGen
0.040324417009602195,58793,1,3.6622682624036966,1080,1350,PolypDB_WLI,7c42832f-aa8a-4b05-8252-bad3a2ac458d,PolypDB
0.02971386316872428,46211,1,3.414470575877098,1080,1440,PolypGen_C3,C3_EndoCV2021_0068,PolypGen
0.06995081018518519,7736,1,3.2175714525205663,288,384,benchmark_train,331,5_benchmark
0.1373607494212963,60764,1,3.8985239660332622,576,768,PolypDB_WLI,1dfa891d-6c48-4735-97fe-22b56fb4807a,PolypDB
0.09926376028806584,154375,1,3.5555592464592536,1080,1440,PolypGen_C3,C3_EndoCV2021_00420,PolypGen
0.04047424623115578,51548,1,3.382636324181717,995,1280,PolypDB_WLI,HMUH_08 200822_200813_BN030_007,PolypDB
0.03819218388310185,16895,1,3.500517839462261,576,768,PolypDB_NBI,1a2ced53-bc73-4cca-a0be-050858ed6bb5,PolypDB
0.020426432291666668,9036,1,3.3348103946181658,576,768,PolypDB_WLI,0e5d22ae-521a-49e0-8c23-60c94ee3b0ce,PolypDB
0.22728387778822623,77827,1,3.695672843901166,547,626,benchmark_train,cju5fs6j6d8350801vglraq4u,5_benchmark
0.16389747902199073,72503,1,3.802961830587203,576,768,PolypDB_WLI,07f7161a-3eba-49e8-a431-174be250d6e8,PolypDB
0.1389086055276382,176914,1,3.668468751581579,995,1280,PolypDB_FICE,HMUH_15 201129_201111_BN002_004,PolypDB
0.3290278745644599,94431,1,3.706520686220942,500,574,CVC-ColonDB,314,5_benchmark
0.005524209104938272,2291,1,3.530808398512197,576,720,PolypDB_WLI,721b971d-8d10-4b77-b57a-7de697ed7c54,PolypDB
0.045040027006172836,18679,1,4.470585405613814,576,720,PolypDB_WLI,8780b977-68f9-46ff-913b-8fda57c76d2f,PolypDB
0.06975109924623116,88835,1,3.415511274005448,995,1280,PolypDB_WLI,HMUH_09 200908_200820_BN010_001,PolypDB
0.060303337191358025,25009,1,3.281853510023169,576,720,PolypDB_WLI,8df32b61-b6db-4cf2-9fc6-05e7110d0b71,PolypDB
0.020348618090452263,25916,1,3.5531377146188063,995,1280,PolypDB_WLI,HMUH_09 200908_200827_BN037_013,PolypDB
0.1294770728643216,164902,1,3.799731975121992,995,1280,PolypDB_WLI,HMUH_07 200808_200806_BN044_001,PolypDB
